序号,城市,运营线路条数,运营里程（公里）,客运量（万人次）,进站量（万人次）,客运强度（万人次每公里日）,时间
1,上海,20,825.0,32893.7,18193.8,1.29,202303
2,北京,27,807.0,30243.6,16639.6,1.21,202303
3,广州,18,609.8,27028.8,14560.5,1.43,202303
4,深圳,17,558.6,23706.4,13857.1,1.37,202303
5,成都,13,557.8,18455.1,10451.4,1.07,202303
6,杭州,12,516.0,11768.5,7191.7,0.74,202303
7,武汉,14,504.3,12191.9,7743.4,0.78,202303
8,重庆,10,455.9,11446.9,7231.3,0.81,202303
9,南京,14,448.8,9246.1,5527.8,0.66,202303
10,青岛,8,323.8,3689.6,2600.9,0.37,202303
11,天津,8,286.0,5003.2,3133.4,0.56,202303
12,西安,8,272.4,10809.4,7037.9,1.28,202303
13,苏州,7,254.2,4050.0,2489.0,0.51,202303
14,大连,6,237.1,1951.5,1484.3,0.28,202303
15,郑州,8,233.0,5109.1,3196.8,0.71,202303
16,沈阳,10,216.7,4021.3,2730.8,0.6,202303
17,长沙,7,209.1,7917.4,4222.9,1.22,202303
18,宁波,6,186.0,3186.6,1819.7,0.55,202303
19,合肥,5,168.8,3539.6,2356.2,0.68,202303
20,昆明,6,165.9,2550.1,1839.9,0.5,202303
21,南昌,4,128.5,3170.8,1917.6,0.8,202303
22,南宁,5,128.2,3021.5,1822.0,0.76,202303
23,佛山,6,127.31,1247.2,964.4,0.32,202303
24,无锡,4,110.8,1667.0,1126.0,0.49,202303
25,福州,4,110.7,1653.0,1261.0,0.48,202303
26,长春,5,106.7,1849.4,1307.7,0.56,202303
27,厦门,3,98.4,2121.6,1632.5,0.7,202303
28,济南,3,84.1,827.7,597.7,0.32,202303
29,哈尔滨,3,78.1,2250.5,1486.9,0.93,202303
30,贵阳,2,74.4,1067.1,839.4,0.46,202303
31,石家庄,3,74.3,1367.2,950.7,0.59,202303
32,徐州,3,64.1,805.8,567.7,0.41,202303
33,常州,2,54.0,567.9,466.0,0.34,202303
34,温州,1,52.5,101.2,101.2,0.06,202303
35,呼和浩特,2,49.0,569.6,460.3,0.37,202303
36,绍兴,2,47.1,336.9,192.7,0.23,202303
37,芜湖,2,46.2,281.4,241.7,0.2,202303
38,洛阳,2,43.5,398.6,298.5,0.3,202303
39,南通,1,38.5,170.9,170.9,0.14,202303
40,东莞,1,37.8,367.7,367.7,0.31,202303
41,乌鲁木齐,1,26.8,310.2,310.2,0.37,202303
42,黄石,1,26.8,33.7,33.7,0.04,202303
43,兰州,1,25.5,673.8,673.8,0.85,202303
44,太原,1,23.3,381.7,381.7,0.53,202303
45,淮安,1,20.1,58.9,58.9,0.09,202303
46,句容,1,17.3,60.7,33.7,0.11,202303
47,嘉兴,1,13.8,19.7,19.7,0.05,202303
48,文山,1,13.4,3.8,3.7,0.01,202303
49,红河,1,13.4,3.1,3.1,0.01,202303
50,天水,1,12.9,7.5,7.5,0.02,202303
51,三亚,1,8.4,14.2,14.2,0.05,202303
52,昆山,1,6.0,153.3,77.7,0.82,202303
1,上海,20,825.0,31559.7,17492.6,1.28,202304
2,北京,27,807.0,30132.2,16585.6,1.24,202304
3,广州,18,609.8,26110.7,14032.6,1.43,202304
4,深圳,17,558.6,22547.9,13187.0,1.35,202304
5,成都,13,557.8,18290.5,10360.9,1.09,202304
6,杭州,12,516.0,11639.7,7115.4,0.75,202304
7,武汉,14,504.3,12083.8,7634.6,0.8,202304
8,重庆,10,455.9,11395.8,7198.6,0.83,202304
9,南京,14,448.8,9078.3,5436.8,0.67,202304
10,青岛,8,323.8,3950.3,2777.8,0.41,202304
11,天津,8,286.0,5070.4,3171.8,0.59,202304
12,西安,8,272.4,11115.8,7226.7,1.36,202304
13,苏州,7,254.2,4655.0,2891.5,0.61,202304
14,大连,6,237.1,2378.9,1737.7,0.33,202304
15,郑州,8,233.0,5169.7,3231.4,0.74,202304
16,沈阳,10,216.7,3979.1,2701.1,0.61,202304
17,长沙,7,209.1,8327.0,4459.2,1.33,202304
18,宁波,6,186.0,3368.8,1923.2,0.6,202304
19,合肥,5,168.8,3522.0,2342.9,0.7,202304
20,昆明,6,165.9,2540.0,1830.1,0.51,202304
21,南昌,4,128.5,3362.6,2018.0,0.87,202304
22,南宁,5,128.2,3126.5,1881.3,0.81,202304
23,佛山,6,127.3,1271.4,974.8,0.33,202304
24,无锡,4,110.8,1607.2,1090.6,0.48,202304
25,福州,4,110.7,1717.8,1294.4,0.52,202304
26,长春,5,106.7,1852.1,1307.6,0.58,202304
27,厦门,3,98.4,2039.2,1564.0,0.69,202304
28,济南,3,84.1,864.4,616.9,0.34,202304
29,哈尔滨,3,78.1,2262.5,1492.8,0.97,202304
30,贵阳,2,74.4,1095.2,861.0,0.49,202304
31,石家庄,3,74.3,1419.3,981.2,0.64,202304
32,徐州,3,64.1,819.4,583.6,0.43,202304
33,常州,2,54.0,591.7,485.8,0.37,202304
34,温州,1,52.5,114.2,114.2,0.07,202304
35,呼和浩特,2,49.0,575.6,464.3,0.39,202304
36,绍兴,2,47.1,337.1,183.3,0.24,202304
37,芜湖,2,46.2,289.6,247.6,0.21,202304
38,洛阳,2,43.5,578.3,432.5,0.44,202304
39,南通,1,38.5,188.4,188.4,0.16,202304
40,东莞,1,37.8,383.2,383.2,0.34,202304
41,乌鲁木齐,1,26.8,334.6,334.6,0.42,202304
42,黄石,1,26.8,32.9,32.9,0.04,202304
43,兰州,1,25.5,723.0,723.0,0.94,202304
44,太原,1,23.3,374.1,374.1,0.54,202304
45,淮安,1,20.1,56.0,56.0,0.09,202304
46,句容,1,17.3,61.0,34.4,0.12,202304
47,嘉兴,1,13.8,26.0,26.0,0.06,202304
48,文山,1,13.4,4.6,4.5,0.01,202304
49,红河,1,13.4,3.1,3.1,0.01,202304
50,天水,1,12.9,8.3,8.3,0.02,202304
51,三亚,1,8.4,10.8,10.8,0.04,202304
52,昆山,1,6.0,151.7,76.3,0.84,202304
1,上海,20,825.0,31554.9,17452.5,1.23,202305
2,北京,27,807.0,29482.2,16208.5,1.18,202305
3,广州,18,609.8,26057.0,14013.3,1.38,202305
4,深圳,17,558.6,22214.8,13256.4,1.28,202305
5,成都,13,557.8,17794.9,10088.0,1.03,202305
6,杭州,12,516.0,11453.7,6998.1,0.72,202305
7,武汉,14,504.3,11722.8,7416.2,0.75,202305
8,重庆,10,455.9,11377.0,7183.4,0.81,202305
9,南京,14,448.8,8561.2,5160.7,0.62,202305
10,青岛,8,323.8,4087.6,2873.4,0.41,202305
11,天津,8,286.0,5117.6,3206.8,0.58,202305
12,西安,8,272.4,10657.4,6930.2,1.26,202305
13,苏州,7,254.2,4426.3,2750.4,0.56,202305
14,大连,6,237.1,2209.6,1619.8,0.3,202305
15,郑州,8,233.0,4883.8,3058.1,0.68,202305
16,沈阳,10,216.7,4182.1,2844.1,0.62,202305
17,长沙,7,209.1,7986.5,4249.1,1.23,202305
18,宁波,6,186.0,3353.5,1915.4,0.58,202305
19,合肥,5,168.8,3438.7,2290.7,0.66,202305
20,昆明,6,165.9,2515.6,1812.1,0.49,202305
21,南昌,4,128.5,3264.6,1959.1,0.82,202305
22,南宁,5,128.2,2920.7,1759.4,0.73,202305
23,佛山,6,127.3,1285.8,987.9,0.33,202305
24,无锡,4,110.8,1563.4,1066.2,0.46,202305
25,福州,4,110.7,1717.8,1292.9,0.5,202305
26,长春,5,106.7,2012.5,1425.0,0.61,202305
27,厦门,3,98.4,2078.2,1592.9,0.68,202305
28,济南,3,84.1,866.1,616.3,0.33,202305
29,哈尔滨,3,78.1,2410.9,1596.0,1.0,202305
30,贵阳,2,74.4,1105.7,867.8,0.48,202305
31,石家庄,3,74.3,1358.4,936.9,0.59,202305
32,徐州,3,64.1,793.9,566.2,0.4,202305
33,常州,2,54.0,661.7,543.91,0.4,202305
34,温州,1,52.5,114.1,114.1,0.07,202305
35,呼和浩特,2,49.0,608.5,492.1,0.4,202305
36,绍兴,2,47.1,317.3,174.7,0.22,202305
37,芜湖,2,46.2,285.4,243.2,0.2,202305
38,洛阳,2,43.5,451.8,341.0,0.34,202305
39,南通,1,38.5,182.3,182.3,0.15,202305
40,东莞,1,37.8,384.8,384.8,0.33,202305
41,乌鲁木齐,1,26.8,345.6,345.6,0.42,202305
42,黄石,1,26.8,32.1,32.1,0.04,202305
43,兰州,1,25.5,737.4,737.4,0.93,202305
44,太原,1,23.3,382.0,382.0,0.53,202305
45,淮安,1,20.1,59.1,59.1,0.09,202305
46,句容,1,17.3,60.1,35.8,0.11,202305
47,嘉兴,1,13.8,26.5,26.5,0.06,202305
48,文山,1,13.4,3.7,3.7,0.01,202305
49,红河,1,13.4,3.3,3.3,0.01,202305
50,天水,1,12.9,8.6,8.6,0.02,202305
51,三亚,1,8.4,7.8,7.8,0.03,202305
52,昆山,1,6.0,151.1,77.2,0.81,202305
1,上海,20,825.0,30496.8,16869.2,1.23,202306
2,北京,27,807.0,29083.3,15972.6,1.2,202306
3,广州,18,609.8,25449.3,13683.9,1.39,202306
4,深圳,17,558.6,21879.1,13161.7,1.31,202306
5,成都,13,557.8,17711.9,10043.6,1.06,202306
6,杭州,12,516.0,11090.1,6779.4,0.72,202306
7,武汉,14,504.3,11533.3,7300.6,0.76,202306
8,重庆,10,455.9,11289.7,7085.0,0.83,202306
9,南京,14,448.8,8333.0,5029.6,0.62,202306
10,青岛,8,323.8,4093.7,2875.1,0.42,202306
11,西安,9,294.0,10779.5,7008.1,1.31,202306
12,天津,8,286.0,4754.3,2970.4,0.55,202306
13,苏州,8,258.5,4194.6,2619.5,0.55,202306
14,大连,6,237.1,2146.4,1572.3,0.3,202306
15,郑州,8,233.0,4879.0,3075.6,0.7,202306
16,沈阳,10,216.7,4065.2,2765.2,0.63,202306
17,长沙,7,209.1,7969.6,4229.8,1.27,202306
18,宁波,6,186.0,3108.8,1774.8,0.56,202306
19,合肥,5,168.8,3301.0,2195.3,0.65,202306
20,昆明,6,165.9,2397.3,1726.0,0.48,202306
21,南昌,4,128.5,3134.1,1869.0,0.81,202306
22,南宁,5,128.2,2853.6,1719.4,0.74,202306
23,佛山,6,127.3,1225.9,947.2,0.32,202306
24,长春,5,111.2,1945.8,1376.9,0.59,202306
25,无锡,4,110.8,1424.2,969.1,0.43,202306
26,福州,4,110.7,1537.1,1162.5,0.46,202306
27,厦门,3,98.4,2032.8,1559.4,0.69,202306
28,济南,3,84.1,829.5,592.7,0.33,202306
29,哈尔滨,3,78.1,2391.4,1579.0,1.02,202306
30,贵阳,2,74.4,1102.3,865.1,0.49,202306
31,石家庄,3,74.3,1395.2,963.3,0.63,202306
32,徐州,3,64.1,758.4,543.8,0.39,202306
33,常州,2,54.0,668.7,549.3,0.41,202306
34,温州,1,52.5,109.6,109.6,0.07,202306
35,呼和浩特,2,49.0,567.2,459.4,0.39,202306
36,绍兴,2,47.1,279.4,153.8,0.2,202306
37,芜湖,2,46.2,268.9,229.1,0.19,202306
38,洛阳,2,43.5,428.7,322.5,0.33,202306
39,昆山,2,43.0,170.9,88.6,0.39,202306
40,南通,1,38.5,165.7,165.7,0.14,202306
41,东莞,1,37.8,366.3,366.3,0.32,202306
42,兰州,2,33.5,759.7,767.0,0.97,202306
43,乌鲁木齐,1,26.8,331.7,331.7,0.41,202306
44,黄石,1,26.8,30.2,30.2,0.04,202306
45,太原,1,23.3,367.7,367.7,0.53,202306
46,淮安,1,20.1,51.9,51.9,0.09,202306
47,句容,1,17.3,57.2,34.3,0.11,202306
48,嘉兴,1,13.8,23.3,23.3,0.06,202306
49,文山,1,13.4,3.9,3.8,0.01,202306
50,红河,1,13.4,2.7,2.7,0.01,202306
51,天水,1,12.9,7.9,7.9,0.02,202306
52,三亚,1,8.4,6.8,6.8,0.03,202306
1,上海,20,825.0,32906.5,18239.7,1.29,202307
2,北京,27,807.0,31609.7,17342.8,1.26,202307
3,广州,18,609.8,28344.8,15241.9,1.5,202307
4,深圳,17,558.6,25413.9,14820.9,1.47,202307
5,成都,13,557.8,19465.5,11000.8,1.13,202307
6,杭州,12,516.0,12193.2,7448.9,0.76,202307
7,武汉,14,504.3,11533.9,7306.1,0.74,202307
8,重庆,10,455.9,11902.3,7432.0,0.84,202307
9,南京,14,448.8,8730.6,5286.4,0.63,202307
10,青岛,8,323.8,4965.2,3486.4,0.49,202307
11,西安,9,294.0,12202.8,7939.2,1.34,202307
12,天津,8,286.0,4678.1,2900.7,0.53,202307
13,苏州,8,258.5,4629.9,2845.8,0.58,202307
14,大连,6,237.1,2247.2,1645.1,0.31,202307
15,郑州,8,233.0,4700.2,3008.6,0.65,202307
16,沈阳,10,216.7,4315.3,2933.7,0.64,202307
17,长沙,7,209.1,9136.0,4864.9,1.41,202307
18,宁波,6,186.0,3184.0,1818.3,0.55,202307
19,合肥,5,173.3,3460.3,2301.8,0.64,202307
20,昆明,6,165.9,2747.3,1987.1,0.53,202307
21,南昌,4,128.5,3121.6,1865.0,0.78,202307
22,南宁,5,128.2,3182.8,1899.0,0.8,202307
23,佛山,6,127.3,1436.5,1100.3,0.36,202307
24,长春,5,111.2,2064.0,1457.0,0.6,202307
25,无锡,4,110.8,1599.4,1088.9,0.47,202307
26,福州,4,110.7,1679.0,1299.6,0.49,202307
27,厦门,3,98.4,2297.5,1755.9,0.75,202307
28,济南,3,84.1,811.8,581.3,0.31,202307
29,哈尔滨,3,78.1,2491.8,1637.7,1.03,202307
30,贵阳,2,74.4,1268.5,994.4,0.55,202307
31,石家庄,3,74.3,1359.3,941.0,0.59,202307
32,徐州,3,64.1,797.3,576.9,0.4,202307
33,绍兴,3,57.8,322.5,178.5,0.21,202307
34,常州,2,54.0,688.2,565.2,0.41,202307
35,温州,1,52.5,108.1,108.1,0.07,202307
36,呼和浩特,2,49.0,596.3,482.7,0.39,202307
37,芜湖,2,46.2,271.7,232.9,0.19,202307
38,洛阳,2,43.5,552.9,420.3,0.41,202307
39,昆山,2,43.0,492.2,352.1,0.37,202307
40,南通,1,38.5,171.7,171.7,0.14,202307
41,东莞,1,37.8,450.4,450.4,0.38,202307
42,兰州,2,33.5,1117.4,976.4,1.08,202307
43,乌鲁木齐,1,26.8,365.0,365.0,0.44,202307
44,黄石,1,26.8,29.6,29.6,0.04,202307
45,太原,1,23.3,382.1,382.1,0.53,202307
46,淮安,1,20.1,58.0,58.0,0.09,202307
47,句容,1,17.3,59.6,36.0,0.11,202307
48,嘉兴,1,13.8,21.8,21.8,0.05,202307
49,文山,1,13.4,8.2,8.1,0.02,202307
50,红河,1,13.4,2.6,2.6,0.01,202307
51,天水,1,12.9,9.3,9.3,0.02,202307
52,三亚,1,8.4,7.0,7.0,0.03,202307
1,上海,20,825.0,33832.7,18758.5,1.32,202308
2,北京,27,807.0,32786.4,17953.7,1.31,202308
3,广州,18,609.8,28465.3,15322.8,1.51,202308
4,深圳,17,558.6,25908.1,15092.0,1.5,202308
5,成都,13,557.8,19428.3,10894.5,1.12,202308
6,杭州,12,516.0,12459.4,7611.4,0.78,202308
7,武汉,14,504.3,11461.9,7232.2,0.73,202308
8,重庆,10,455.9,11268.7,7036.0,0.8,202308
9,南京,14,448.8,9038.6,5515.9,0.65,202308
10,青岛,8,323.8,5240.0,3675.5,0.52,202308
11,西安,9,294.0,12109.3,7885.6,1.33,202308
12,天津,8,286.0,4918.5,3047.2,0.55,202308
13,苏州,8,258.5,5064.5,3106.9,0.63,202308
14,大连,6,237.1,2560.9,1862.9,0.35,202308
15,郑州,8,233.0,4780.7,3061.6,0.66,202308
16,沈阳,10,216.7,4328.9,2952.4,0.64,202308
17,长沙,7,209.1,8894.0,4726.7,1.37,202308
18,宁波,6,186.0,3244.0,1852.6,0.56,202308
19,合肥,5,173.3,3515.9,2344.0,0.65,202308
20,昆明,6,165.9,2764.6,1996.8,0.54,202308
21,福州,5,139.0,1920.4,1476.3,0.54,202308
22,南昌,4,128.5,3206.1,1912.7,0.8,202308
23,南宁,5,128.2,2985.8,1781.8,0.75,202308
24,佛山,6,127.3,1479.7,1132.2,0.37,202308
25,长春,5,111.2,2106.0,1494.4,0.61,202308
26,无锡,4,110.8,1563.8,1064.2,0.46,202308
27,厦门,3,98.4,2410.2,1841.5,0.79,202308
28,济南,3,84.1,840.1,602.2,0.32,202308
29,哈尔滨,3,78.1,2561.0,1684.3,1.06,202308
30,贵阳,2,74.4,1266.1,993.4,0.55,202308
31,石家庄,3,74.3,1426.3,989.4,0.62,202308
32,徐州,3,64.1,814.3,593.2,0.41,202308
33,绍兴,3,57.8,362.8,195.8,0.2,202308
34,常州,2,54.0,684.4,562.1,0.41,202308
35,温州,1,52.5,163.0,163.0,0.1,202308
36,呼和浩特,2,49.0,610.8,495.4,0.4,202308
37,芜湖,2,46.2,276.0,235.7,0.19,202308
38,洛阳,2,43.5,568.0,430.4,0.42,202308
39,昆山,2,43.0,518.6,374.6,0.39,202308
40,南通,1,38.5,176.0,176.0,0.15,202308
41,东莞,1,37.8,443.9,443.9,0.38,202308
42,兰州,2,33.5,1193.4,1034.7,1.15,202308
43,乌鲁木齐,1,26.8,376.5,376.5,0.45,202308
44,黄石,1,26.8,28.9,28.9,0.03,202308
45,太原,1,23.3,376.1,376.1,0.52,202308
46,淮安,1,20.1,64.0,64.0,0.1,202308
47,句容,1,17.3,61.1,37.0,0.11,202308
48,嘉兴,1,13.8,23.4,23.4,0.05,202308
49,文山,1,13.4,5.7,5.7,0.01,202308
50,红河,1,13.4,2.0,2.0,0.01,202308
51,天水,1,12.9,9.5,9.5,0.02,202308
52,三亚,1,8.4,7.2,7.2,0.03,202308
1,上海,20,825.0,30755.9,17021.5,1.24,202309
2,北京,27,807.0,29298.9,16111.8,1.21,202309
3,广州,18,609.8,25250.6,13532.8,1.38,202309
4,深圳,17,558.6,21787.1,12708.5,1.3,202309
5,成都,13,557.8,17741.5,10042.1,1.06,202309
6,杭州,12,516.0,12266.2,7333.8,0.79,202309
7,武汉,14,504.3,11669.6,7385.6,0.77,202309
8,重庆,10,455.9,10969.5,6870.4,0.8,202309
9,南京,14,448.8,8320.0,5022.9,0.62,202309
10,青岛,8,323.8,4135.3,2884.5,0.43,202309
11,西安,9,294.0,10772.2,6968.8,1.22,202309
12,天津,8,286.0,5140.8,3222.3,0.6,202309
13,沈阳,11,262.2,4276.8,2897.7,0.65,202309
14,郑州,9,261.2,4905.2,3079.0,0.68,202309
15,苏州,8,258.5,4345.1,2684.1,0.56,202309
16,大连,6,237.1,2208.0,1614.9,0.31,202309
17,长沙,7,209.1,7937.6,4239.3,1.27,202309
18,宁波,6,186.0,3058.0,1740.0,0.55,202309
19,合肥,5,173.3,3453.9,2293.9,0.66,202309
20,昆明,6,165.9,2461.3,1772.7,0.49,202309
21,福州,5,139.0,2220.4,1606.3,0.53,202309
22,南昌,4,128.5,3278.6,1964.5,0.85,202309
23,南宁,5,128.2,2979.8,1796.7,0.77,202309
24,佛山,6,127.3,1238.2,948.8,0.32,202309
25,长春,5,111.2,2105.4,1495.4,0.63,202309
26,无锡,4,110.8,1509.3,1030.8,0.45,202309
27,厦门,3,98.4,2062.6,1579.0,0.7,202309
28,济南,3,84.1,834.5,596.3,0.33,202309
29,哈尔滨,3,81.4,2614.0,1729.7,1.11,202309
30,贵阳,2,74.4,1125.5,886.7,0.5,202309
31,石家庄,3,74.3,1392.5,970.1,0.62,202309
32,徐州,3,64.1,720.7,516.5,0.37,202309
33,绍兴,3,57.8,345.8,186.3,0.2,202309
34,常州,2,54.0,683.1,561.2,0.42,202309
35,温州,1,52.5,211.8,187.4,0.13,202309
36,呼和浩特,2,49.0,567.6,460.5,0.39,202309
37,芜湖,2,46.2,276.8,235.9,0.2,202309
38,洛阳,2,43.5,418.5,317.8,0.32,202309
39,昆山,2,43.0,442.6,320.0,0.34,202309
40,南通,1,38.5,162.4,162.4,0.14,202309
41,东莞,1,37.8,357.6,357.6,0.32,202309
42,兰州,2,33.5,1119.1,968.2,1.11,202309
43,乌鲁木齐,1,26.8,370.7,370.7,0.46,202309
44,黄石,1,26.8,35.9,35.9,0.04,202309
45,太原,1,23.3,370.4,370.4,0.53,202309
46,淮安,1,20.1,56.7,56.7,0.09,202309
47,句容,1,17.3,59.2,34.8,0.11,202309
48,嘉兴,1,13.8,23.8,23.8,0.06,202309
49,文山,1,13.4,3.4,3.3,0.01,202309
50,红河,1,13.4,2.1,2.1,0.01,202309
51,天水,1,12.9,7.4,7.4,0.02,202309
52,咸阳,1,10.7,67.7,49.7,0.63,202309
53,三亚,1,8.4,6.7,6.7,0.03,202309
1,上海,20,825.0,31666.4,17569.7,1.24,202310
2,北京,27,807.0,30055.8,16609.3,1.2,202310
3,广州,18,609.8,27019.3,14458.7,1.43,202310
4,深圳,17,558.6,23530.8,13707.7,1.36,202310
5,成都,13,557.8,18575.2,10496.4,1.07,202310
6,杭州,12,516.0,12876.9,7655.4,0.81,202310
7,武汉,14,504.3,12542.5,7919.4,0.8,202310
8,重庆,10,455.9,12034.7,7516.7,0.85,202310
9,南京,14,448.8,9152.5,5533.1,0.66,202310
10,青岛,8,326.3,4397.2,3053.7,0.44,202310
11,西安,9,294.0,11486.7,7426.9,1.26,202310
12,天津,8,286.0,5406.5,3388.1,0.61,202310
13,沈阳,11,262.2,5370.8,3415.4,0.66,202310
14,郑州,9,261.2,5647.2,3487.1,0.7,202310
15,苏州,8,258.5,4626.6,2833.0,0.58,202310
16,大连,6,237.1,2278.6,1660.2,0.31,202310
17,长沙,7,209.1,8741.3,4675.4,1.35,202310
18,宁波,6,186.0,3345.3,1909.8,0.58,202310
19,合肥,5,173.3,3791.6,2505.2,0.71,202310
20,昆明,6,165.9,2537.8,1824.8,0.49,202310
21,福州,5,139.0,2654.8,1901.0,0.62,202310
22,南昌,4,128.5,3842.6,2303.7,0.96,202310
23,南宁,5,128.2,3076.5,1852.2,0.77,202310
24,佛山,6,127.3,1407.6,1067.4,0.36,202310
25,长春,5,111.2,2105.3,1491.8,0.61,202310
26,无锡,4,110.8,1752.9,1190.7,0.51,202310
27,厦门,3,98.4,2189.6,1681.5,0.72,202310
28,济南,3,84.1,917.3,653.1,0.35,202310
29,哈尔滨,3,81.4,2765.5,1819.9,1.1,202310
30,贵阳,2,74.4,1148.8,904.1,0.5,202310
31,石家庄,3,74.3,1495.3,1039.2,0.65,202310
32,徐州,3,64.1,834.6,600.4,0.42,202310
33,绍兴,3,57.8,404.1,214.0,0.23,202310
34,常州,2,54.0,755.7,619.5,0.45,202310
35,温州,1,52.5,190.6,158.3,0.12,202310
36,呼和浩特,2,49.0,611.4,497.0,0.4,202310
37,芜湖,2,46.2,331.4,279.9,0.23,202310
38,洛阳,2,43.5,523.2,394.9,0.39,202310
39,昆山,2,43.0,485.9,350.5,0.36,202310
40,南通,1,38.5,182.3,182.3,0.15,202310
41,东莞,1,37.8,408.0,408.0,0.35,202310
42,兰州,2,33.5,1152.1,995.3,1.11,202310
43,乌鲁木齐,1,26.8,378.5,378.5,0.46,202310
44,黄石,1,26.8,38.1,38.1,0.05,202310
45,太原,1,23.3,395.5,395.5,0.55,202310
46,淮安,1,20.1,73.7,73.7,0.12,202310
47,句容,1,17.3,65.4,40.1,0.12,202310
48,嘉兴,1,13.8,33.0,33.0,0.08,202310
49,文山,1,13.4,3.8,3.8,0.01,202310
50,红河,1,13.4,2.3,2.3,0.01,202310
51,天水,1,12.9,8.5,8.5,0.02,202310
52,咸阳,1,10.7,193.0,140.1,0.58,202310
53,三亚,1,8.4,9.8,9.8,0.04,202310
1,上海,20,825.0,32515.2,18005.5,1.31,202311
2,北京,27,807.0,29545.0,16318.1,1.22,202311
3,广州,18,609.8,27154.3,14586.8,1.48,202311
4,成都,14,601.7,18156.9,10279.7,1.08,202311
5,深圳,17,558.6,24576.1,14335.8,1.47,202311
6,杭州,12,516.0,12023.5,7192.3,0.78,202311
7,武汉,14,504.3,11812.8,7508.1,0.78,202311
8,重庆,10,465.6,11497.4,7224.0,0.84,202311
9,南京,14,448.8,8724.4,5304.6,0.65,202311
10,青岛,8,326.3,3744.7,2605.7,0.38,202311
11,西安,9,294.0,10725.2,6943.0,1.22,202311
12,天津,8,286.0,4927.1,3086.2,0.57,202311
13,沈阳,11,262.2,5166.2,3274.5,0.66,202311
14,郑州,9,261.2,5387.6,3326.5,0.69,202311
15,苏州,8,258.5,4600.5,2838.3,0.59,202311
16,大连,6,237.1,1925.6,1417.4,0.27,202311
17,长沙,7,209.1,7878.0,4201.8,1.26,202311
18,宁波,6,186.0,3188.7,1819.9,0.57,202311
19,合肥,5,173.3,3724.4,2356.6,0.72,202311
20,昆明,6,165.9,2468.0,1775.8,0.5,202311
21,福州,5,139.0,2506.4,1813.7,0.6,202311
22,南昌,4,128.5,3332.9,2008.8,0.86,202311
23,南宁,5,128.2,2961.6,1791.6,0.77,202311
24,佛山,6,127.3,1385.0,1058.8,0.36,202311
25,长春,5,111.2,1925.4,1364.2,0.58,202311
26,无锡,4,110.8,1580.5,1078.8,0.48,202311
27,厦门,3,98.4,2182.4,1678.2,0.74,202311
28,济南,3,84.1,849.6,610.8,0.34,202311
29,哈尔滨,3,81.4,2734.5,1791.3,1.12,202311
30,贵阳,2,74.4,1103.8,871.0,0.49,202311
31,石家庄,3,74.3,1493.2,1037.6,0.67,202311
32,徐州,3,64.1,787.9,560.6,0.41,202311
33,绍兴,3,57.8,334.3,186.9,0.19,202311
34,常州,2,54.0,628.1,516.7,0.39,202311
35,温州,1,52.5,168.6,144.2,0.11,202311
36,呼和浩特,2,49.0,590.8,477.6,0.4,202311
37,芜湖,2,46.2,301.5,256.2,0.22,202311
38,洛阳,2,43.5,418.2,317.6,0.32,202311
39,昆山,2,43.0,467.5,344.2,0.36,202311
40,南通,1,38.5,172.6,172.6,0.15,202311
41,东莞,1,37.8,381.9,381.9,0.34,202311
42,兰州,2,33.5,1043.8,908.1,1.04,202311
43,乌鲁木齐,1,26.8,339.3,339.3,0.42,202311
44,黄石,1,26.8,36.6,36.6,0.05,202311
45,太原,1,23.3,379.0,379.0,0.54,202311
46,准安,1,20.1,59.5,59.5,0.1,202311
47,句容,1,17.3,61.9,35.6,0.12,202311
48,嘉兴,1,13.8,24.1,24.1,0.06,202311
49,文山,1,13.4,3.0,3.0,0.01,202311
50,红河,1,13.4,2.1,2.1,0.01,202311
51,天水,1,12.9,7.2,7.2,0.02,202311
52,咸阳,1,10.7,181.5,134.7,0.57,202311
53,三亚,1,8.4,13.4,13.4,0.05,202311
1,北京,27,836.0,29657.8,16408.3,1.18,202312
2,上海,20,825.0,31905.2,17731.1,1.25,202312
3,广州,18,641.5,27534.9,14853.1,1.45,202312
4,成都,14,601.7,18397.5,10514.2,0.99,202312
5,深圳,17,567.1,25633.4,14840.1,1.48,202312
6,武汉,15,529.6,12026.9,7681.9,0.76,202312
7,杭州,12,516.0,12185.4,7333.3,0.76,202312
8,重庆,11,494.6,11864.2,7489.2,0.82,202312
9,南京,14,459.4,8903.1,5270.8,0.64,202312
10,青岛,8,326.3,3832.6,2680.5,0.38,202312
11,天津,9,298.3,5339.7,3316.9,0.6,202312
12,西安,9,294.0,11009.5,7139.3,1.21,202312
13,郑州,10,277.7,6253.4,3819.5,0.75,202312
14,沈阳,11,262.2,5375.5,3413.2,0.66,202312
15,苏州,8,258.5,4274.1,2648.0,0.53,202312
16,大连,6,237.1,1998.7,1461.1,0.27,202312
17,长沙,7,209.1,8228.5,4416.5,1.27,202312
18,合肥,5,197.0,4336.6,2666.1,0.79,202312
19,宁波,6,186.0,3290.2,1878.7,0.57,202312
20,昆明,6,165.9,2585.6,1860.9,0.5,202312
21,福州,5,139.0,2672.7,1931.2,0.62,202312
22,南昌,4,128.5,3661.5,2207.2,0.92,202312
23,南宁,5,128.2,3288.7,1973.8,0.83,202312
24,佛山,6,127.3,1434.9,1097.7,0.36,202312
25,贵阳,3,116.9,1575.2,1175.4,0.53,202312
26,长春,5,111.2,1868.3,1327.9,0.54,202312
27,无锡,4,110.8,1721.1,1169.2,0.5,202312
28,厦门,3,98.4,2233.2,1719.0,0.73,202312
29,济南,3,84.1,933.0,670.1,0.36,202312
30,哈尔滨,3,82.1,2787.5,1834.7,1.1,202312
31,石家庄,3,74.3,2727.7,1856.4,1.18,202312
32,徐州,3,64.1,934.5,668.0,0.47,202312
33,南通,2,58.8,254.5,236.3,0.2,202312
34,绍兴,3,57.8,340.4,192.5,0.19,202312
35,常州,2,54.0,606.5,498.4,0.36,202312
36,温州,1,52.5,157.6,134.4,0.1,202312
37,呼和浩特,2,49.0,734.4,594.2,0.48,202312
38,芜湖,2,46.2,319.4,272.1,0.22,202312
39,洛阳,2,43.5,532.8,402.7,0.4,202312
40,昆山,2,43.0,430.6,317.7,0.32,202312
41,东莞,1,37.8,411.9,411.9,0.35,202312
42,兰州,2,33.5,1096.8,951.6,1.06,202312
43,乌鲁木齐,1,26.8,347.3,347.3,0.42,202312
44,黄石,1,26.8,38.4,38.4,0.05,202312
45,太原,1,23.3,435.1,435.1,0.6,202312
46,淮安,1,20.1,67.8,67.8,0.11,202312
47,句容,1,17.3,63.7,36.1,0.12,202312
48,嘉兴,1,13.8,24.6,24.6,0.06,202312
49,文山,1,13.4,2.7,2.7,0.01,202312
50,红河,1,13.4,1.2,1.2,0.01,202312
51,天水,1,12.9,7.2,7.2,0.02,202312
52,咸阳,1,10.7,191.2,142.6,0.58,202312
53,三亚,1,8.4,18.6,18.6,0.07,202312
1,上海,19,766.0,26690.3,15070.0,1.12,202101
2,北京,24,727.0,19873.3,10677.6,0.88,202101
3,成都,13,557.8,13404.7,7744.8,0.78,202101
4,广州,16,531.7,24460.1,13462.2,1.48,202101
5,深圳,12,422.6,17901.1,11138.5,1.37,202101
6,武汉,12,409.1,7302.8,4891.4,0.58,202101
7,南京,12,394.7,7729.6,4458.6,0.63,202101
8,重庆,9,369.5,8701.7,5781.1,0.76,202101
9,杭州,7,306.3,6460.6,4378.0,0.68,202101
10,青岛,7,254.8,1667.7,1260.6,0.21,202101
11,西安,8,239.0,7499.6,4920.7,1.01,202101
12,天津,6,231.0,3292.1,2141.0,0.46,202101
13,沈阳,10,211.5,1514.8,1055.1,0.23,202101
14,苏州,6,210.1,3092.9,2027.2,0.47,202101
15,郑州,7,206.4,4046.1,2664.0,0.63,202101
16,长沙,6,157.9,4452.8,2564.5,0.91,202101
17,大连,4,157.9,869.1,710.1,0.18,202101
18,宁波,5,154.4,2080.1,1234.7,0.43,202101
19,昆明,5,139.4,1773.0,1331.8,0.41,202101
20,合肥,4,112.5,2234.1,1627.7,0.64,202101
21,南宁,4,105.3,2203.7,1461.7,0.68,202101
22,长春,5,100.1,1360.2,927.5,0.44,202101
23,南昌,3,88.9,2067.7,1375.8,0.75,202101
24,无锡,3,87.1,1306.1,1008.9,0.48,202101
25,厦门,2,71.9,1208.4,999.3,0.54,202101
26,石家庄,3,59.0,141.7,101.1,0.08,202101
27,福州,2,58.5,1058.7,883.2,0.58,202101
28,温州,1,52.5,71.5,71.5,0.04,202101
29,呼和浩特,2,49.0,448.4,362.8,0.3,202101
30,济南,2,47.7,107.0,107.0,0.07,202101
31,徐州,2,46.0,475.2,403.6,0.33,202101
32,东莞,1,37.8,340.1,340.1,0.29,202101
33,贵阳,1,34.8,346.5,346.5,0.32,202101
34,常州,1,34.2,244.2,244.2,0.23,202101
35,哈尔滨,2,30.3,351.0,300.6,0.37,202101
36,佛山,2,28.0,466.1,466.1,0.54,202101
37,乌鲁木齐,1,26.8,218.6,218.6,0.26,202101
38,兰州,1,25.5,541.7,541.7,0.69,202101
39,太原,1,23.6,286.7,295.6,0.39,202101
40,淮安,1,21.1,67.8,67.8,0.1,202101
41,天水,1,12.9,6.9,6.9,0.02,202101
42,珠海,1,8.4,5.9,5.9,0.02,202101
43,三亚,1,8.4,13.4,13.4,0.05,202101
44,昆山,1,6.0,135.2,65.5,0.73,202101
1,上海,19,766.0,20307.4,11466.1,0.95,202102
2,北京,24,727.0,15734.9,8467.6,0.77,202102
3,成都,13,557.8,10326.0,5977.1,0.66,202102
4,广州,16,531.7,16958.7,9532.7,1.14,202102
5,深圳,12,422.6,12652.3,7878.3,1.07,202102
6,武汉,12,409.1,5354.5,3585.4,0.47,202102
7,南京,12,394.7,5534.6,3228.3,0.5,202102
8,重庆,9,369.5,6748.7,4565.9,0.65,202102
9,杭州,7,306.3,4727.9,3196.1,0.55,202102
10,青岛,7,254.8,1345.9,1012.4,0.19,202102
11,西安,8,239.0,6065.1,3984.5,0.91,202102
12,天津,6,231.0,2655.5,1731.4,0.41,202102
13,沈阳,10,216.7,2043.8,1415.7,0.34,202102
14,苏州,6,210.2,2395.6,1607.3,0.41,202102
15,郑州,7,206.4,2855.4,1880.6,0.49,202102
16,长沙,6,157.9,3023.2,1759.0,0.68,202102
17,大连,4,157.9,872.4,709.9,0.2,202102
18,宁波,5,154.4,1673.4,993.2,0.39,202102
19,昆明,5,139.4,1290.9,972.6,0.33,202102
20,合肥,4,112.5,1586.1,1165.0,0.5,202102
21,南宁,4,105.3,1402.5,920.2,0.48,202102
22,长春,5,100.1,613.1,414.5,0.22,202102
23,南昌,3,88.9,1591.6,1053.5,0.64,202102
24,无锡,3,87.1,1217.5,943.6,0.5,202102
25,厦门,2,71.6,1066.7,878.8,0.53,202102
26,石家庄,3,59.0,174.5,128.7,0.11,202102
27,福州,2,58.5,832.4,704.1,0.51,202102
28,温州,1,52.5,53.1,53.1,0.04,202102
29,呼和浩特,2,49.0,337.0,273.0,0.25,202102
30,济南,2,47.7,75.8,75.8,0.06,202102
31,徐州,2,46.0,414.5,359.0,0.32,202102
32,东莞,1,37.8,266.8,266.8,0.25,202102
33,贵阳,1,34.8,257.9,257.9,0.26,202102
34,常州,1,34.2,195.9,195.9,0.2,202102
35,哈尔滨,2,30.3,189.0,158.3,0.22,202102
36,佛山,2,28.0,333.8,333.8,0.43,202102
37,乌鲁木齐,1,26.8,208.0,208.0,0.28,202102
38,兰州,1,25.5,411.9,411.9,0.58,202102
39,太原,1,23.6,259.7,259.7,0.39,202102
40,淮安,1,20.1,63.7,63.7,0.11,202102
41,天水,1,12.9,8.1,8.1,0.02,202102
42,珠海,1,8.4,0.0,0.0,0.0,202102
43,三亚,1,8.4,13.0,13.0,0.06,202102
44,昆山,1,6.0,100.6,51.2,0.6,202102
1,上海,19,766.0,32309.8,18086.7,1.36,202103
2,北京,24,727.0,27552.0,14709.5,1.22,202103
3,成都,13,557.8,16546.1,9483.2,0.96,202103
4,广州,16,531.7,27098.5,14838.1,1.64,202103
5,深圳,12,422.6,19730.6,12202.7,1.51,202103
6,武汉,12,409.1,9500.0,6313.3,0.75,202103
7,南京,12,394.7,9049.0,5207.4,0.74,202103
8,重庆,9,369.5,10032.7,6727.7,0.88,202103
9,杭州,7,306.3,7861.6,5287.9,0.83,202103
10,青岛,7,254.8,2030.7,1510.6,0.26,202103
11,西安,8,239.0,10133.2,6596.3,1.37,202103
12,天津,6,231.0,4063.4,2567.5,0.57,202103
13,沈阳,10,219.6,3517.9,2416.0,0.52,202103
14,苏州,6,210.2,3535.9,2297.8,0.54,202103
15,郑州,7,206.4,4616.8,3009.0,0.72,202103
16,长沙,6,157.9,5240.8,3009.4,1.07,202103
17,大连,4,157.9,1447.0,1167.1,0.3,202103
18,宁波,5,154.4,2307.4,1369.4,0.48,202103
19,昆明,5,139.4,2019.1,1516.7,0.47,202103
20,合肥,4,112.5,2516.6,1819.4,0.72,202103
21,南宁,4,105.3,2543.6,1701.5,0.78,202103
22,长春,5,100.1,1500.4,1017.0,0.48,202103
23,南昌,3,88.9,2276.9,1503.9,0.83,202103
24,无锡,3,87.1,1475.5,1146.9,0.55,202103
25,济南,3,84.1,232.3,199.2,0.09,202103
26,厦门,2,71.6,1313.3,1093.7,0.59,202103
27,石家庄,3,59.0,852.3,614.5,0.47,202103
28,福州,2,58.5,1081.5,917.1,0.6,202103
29,温州,1,52.5,80.8,80.8,0.05,202103
30,呼和浩特,2,49.0,492.0,398.0,0.32,202103
31,徐州,2,46.0,490.5,417.8,0.34,202103
32,东莞,1,37.8,372.7,372.7,0.32,202103
33,贵阳,1,34.8,383.0,383.0,0.36,202103
34,常州,1,34.2,286.8,286.8,0.27,202103
35,哈尔滨,2,30.3,587.2,491.8,0.63,202103
36,佛山,2,28.0,489.6,489.6,0.56,202103
37,乌鲁木齐,1,26.8,249.0,249.0,0.3,202103
38,兰州,1,25.5,605.7,605.7,0.77,202103
39,洛阳,1,25.3,33.7,33.7,0.04,202103
40,太原,1,23.6,344.1,344.1,0.47,202103
41,淮安,1,20.1,64.8,64.8,0.1,202103
42,天水,1,12.9,8.4,8.4,0.02,202103
43,三亚,1,8.4,13.6,13.6,0.05,202103
44,昆山,1,6.0,166.2,84.5,0.89,202103
1,上海,19,766.0,31898.0,17840.4,1.39,202104
2,北京,24,727.0,29287.9,15583.1,1.34,202104
3,成都,13,557.8,16779.2,9469.9,1.0,202104
4,广州,16,531.7,26380.7,14409.9,1.65,202104
5,深圳,12,422.6,19218.9,11916.1,1.52,202104
6,武汉,12,409.1,9620.1,6368.6,0.78,202104
7,南京,12,394.7,9258.9,5324.9,0.78,202104
8,重庆,9,369.5,9983.6,6687.6,0.9,202104
9,杭州,7,306.3,8056.4,5395.2,0.88,202104
10,青岛,7,254.8,2127.6,1575.0,0.28,202104
11,西安,8,239.0,10415.7,6733.4,1.45,202104
12,天津,6,231.0,4197.2,2766.5,0.61,202104
13,沈阳,10,219.6,3705.2,2531.4,0.56,202104
14,苏州,6,210.2,3677.5,2381.4,0.58,202104
15,郑州,7,206.4,5189.1,3349.0,0.84,202104
16,长沙,6,157.9,5540.7,3160.1,1.17,202104
17,大连,4,157.9,1537.6,1231.4,0.32,202104
18,宁波,5,154.4,2336.9,1386.4,0.5,202104
19,昆明,5,139.4,1922.2,1438.9,0.46,202104
20,合肥,4,112.5,2529.3,1820.7,0.75,202104
21,南宁,4,105.3,2556.3,1712.6,0.81,202104
22,长春,5,100.1,1758.4,1154.8,0.59,202104
23,南昌,3,88.9,2321.3,1517.3,0.87,202104
24,无锡,3,87.1,1379.8,1084.5,0.53,202104
25,济南,3,84.1,639.5,472.1,0.25,202104
26,贵阳,2,74.4,425.5,405.2,0.19,202104
27,石家庄,3,74.3,1013.4,726.6,0.45,202104
28,厦门,2,71.6,1326.0,1107.5,0.62,202104
29,福州,2,58.5,1080.2,912.2,0.62,202104
30,温州,1,52.5,89.5,89.5,0.06,202104
31,呼和浩特,2,49.0,491.6,397.5,0.33,202104
32,徐州,2,46.0,496.5,422.0,0.36,202104
33,东莞,1,37.8,381.0,381.0,0.34,202104
34,常州,1,34.2,337.2,337.2,0.33,202104
35,哈尔滨,2,30.3,684.9,572.0,0.75,202104
36,佛山,2,28.1,472.5,472.5,0.56,202104
37,乌鲁木齐,1,26.8,254.2,254.2,0.32,202104
38,兰州,1,25.5,616.3,616.3,0.81,202104
39,洛阳,1,25.3,262.1,262.1,0.35,202104
40,太原,1,23.6,336.5,336.5,0.48,202104
41,淮安,1,20.1,64.0,64.0,0.11,202104
42,天水,1,12.9,8.3,8.3,0.02,202104
43,三亚,1,8.4,10.5,10.5,0.04,202104
44,昆山,1,8.4,166.0,83.7,0.66,202104
1,上海,19,766.0,31285.4,17524.5,1.32,202105
2,北京,24,727.0,28192.1,14991.2,1.25,202105
3,成都,13,557.8,16476.7,9311.6,0.95,202105
4,广州,16,531.7,26407.5,13640.2,1.6,202105
5,深圳,12,422.6,18920.1,11307.0,1.44,202105
6,武汉,12,409.1,9702.8,6418.5,0.77,202105
7,南京,12,394.7,8822.2,5086.2,0.72,202105
8,重庆,9,369.5,10243.0,6835.0,0.89,202105
9,杭州,7,306.3,8025.2,5358.2,0.85,202105
10,青岛,7,254.8,2332.7,1685.5,0.3,202105
11,西安,8,239.0,10568.5,6831.7,1.43,202105
12,天津,6,231.0,4288.9,2828.2,0.6,202105
13,沈阳,10,219.6,3407.8,2332.7,0.5,202105
14,苏州,6,210.2,3727.0,2410.3,0.57,202105
15,郑州,7,206.4,5088.1,3278.1,0.8,202105
16,长沙,6,157.9,5830.3,3318.3,1.19,202105
17,大连,4,157.9,1513.6,1219.2,0.31,202105
18,宁波,5,154.4,2353.2,1395.7,0.49,202105
19,昆明,5,139.4,2013.5,1499.7,0.47,202105
20,合肥,4,112.5,2244.6,1618.0,0.64,202105
21,南宁,4,105.3,2619.1,1742.2,0.8,202105
22,长春,5,100.1,1873.1,1226.7,0.6,202105
23,南昌,3,88.9,2412.5,1569.6,0.88,202105
24,无锡,3,87.1,1359.3,1069.2,0.5,202105
25,济南,3,84.1,636.0,471.1,0.24,202105
26,贵阳,2,74.4,911.6,775.3,0.4,202105
27,石家庄,3,74.3,1042.3,744.6,0.45,202105
28,厦门,2,71.6,1509.9,1251.6,0.68,202105
29,福州,2,58.5,1060.2,891.7,0.58,202105
30,温州,1,52.5,92.9,92.9,0.06,202105
31,呼和浩特,2,49.0,509.5,412.6,0.34,202105
32,徐州,2,46.0,515.2,435.8,0.36,202105
33,东莞,1,37.8,400.0,400.0,0.34,202105
34,常州,1,34.2,390.3,390.3,0.37,202105
35,哈尔滨,2,30.3,710.1,594.3,0.76,202105
36,佛山,2,28.1,447.1,447.1,0.51,202105
37,乌鲁木齐,1,26.8,275.3,275.3,0.33,202105
38,兰州,1,25.5,671.5,671.5,0.85,202105
39,洛阳,1,25.3,195.8,195.8,0.25,202105
40,太原,1,23.6,353.1,353.1,0.48,202105
41,淮安,1,20.1,67.3,67.3,0.11,202105
42,天水,1,12.9,9.3,9.3,0.02,202105
43,三亚,1,8.4,8.6,8.6,0.03,202105
44,昆山,1,6.0,168.3,85.4,0.9,202105
1,上海,19,766.0,31317.6,17505.9,1.36,202106
2,北京,24,727.0,27986.5,14891.0,1.28,202106
3,成都,13,557.8,16128.4,9196.9,0.96,202106
4,广州,16,531.7,13466.6,7545.3,0.84,202106
5,深圳,12,422.6,16172.5,9994.5,1.28,202106
6,武汉,12,409.1,9235.0,6110.8,0.75,202106
7,南京,12,394.7,8386.9,4809.7,0.71,202106
8,重庆,9,369.5,9668.1,6437.3,0.87,202106
9,杭州,8,323.4,7634.6,5083.1,0.79,202106
10,青岛,7,254.8,2190.6,1624.3,0.29,202106
11,苏州,7,254.2,3461.3,2247.3,0.45,202106
12,西安,8,252.6,9678.4,6243.5,1.28,202106
13,天津,6,231.0,4032.9,2657.0,0.58,202106
14,沈阳,10,216.7,3498.9,2391.0,0.54,202106
15,郑州,7,206.4,4868.2,3142.3,0.79,202106
16,长沙,6,157.9,5457.7,3100.9,1.15,202106
17,大连,4,157.9,1475.2,1187.9,0.31,202106
18,宁波,5,154.4,2187.3,1298.2,0.47,202106
19,昆明,5,139.4,1934.0,1439.7,0.46,202106
20,合肥,4,112.5,2266.7,1628.5,0.67,202106
21,南宁,4,105.3,2366.6,1568.7,0.75,202106
22,长春,5,100.1,1849.5,1224.8,0.62,202106
23,厦门,3,98.4,1377.8,1128.9,0.47,202106
24,南昌,3,88.9,2232.8,1449.4,0.84,202106
25,无锡,3,87.1,1340.6,1014.1,0.51,202106
26,济南,3,84.1,569.1,423.3,0.23,202106
27,贵阳,2,74.4,920.1,745.7,0.41,202106
28,石家庄,3,74.3,1011.4,722.7,0.45,202106
29,徐州,3,64.1,519.9,422.3,0.27,202106
30,福州,2,58.5,1002.0,842.8,0.57,202106
31,常州,2,54.0,397.4,390.2,0.25,202106
32,温州,1,52.5,79.6,79.6,0.05,202106
33,呼和浩特,2,49.0,470.6,381.8,0.32,202106
34,海宁,1,43.3,2.6,2.1,0.0,202106
35,东莞,1,37.8,239.1,239.1,0.21,202106
36,哈尔滨,2,30.3,668.2,560.9,0.74,202106
37,佛山,2,28.1,225.8,225.8,0.27,202106
38,乌鲁木齐,1,26.8,286.4,286.4,0.36,202106
39,兰州,1,25.5,620.1,620.1,0.81,202106
40,洛阳,1,25.3,142.3,142.3,0.19,202106
41,太原,1,23.3,331.0,331.0,0.47,202106
42,绍兴,1,20.3,12.3,8.0,0.02,202106
43,淮安,1,20.1,58.7,58.7,0.1,202106
44,天水,1,12.9,7.9,7.9,0.02,202106
45,嘉兴,1,10.6,14.0,14.0,0.04,202106
46,三亚,1,8.4,6.1,6.1,0.02,202106
47,昆山,1,6.0,164.5,83.8,0.91,202106
1,上海,19,766.0,31482.3,17593.3,1.33,202107
2,北京,24,727.0,30427.5,16159.8,1.35,202107
3,成都,13,557.8,17122.7,9768.3,0.99,202107
4,广州,16,531.7,23582.9,12949.2,1.43,202107
5,深圳,12,422.6,18961.8,11724.9,1.45,202107
6,武汉,12,409.1,9344.5,6190.3,0.74,202107
7,南京,12,394.7,6873.8,3978.9,0.56,202107
8,重庆,9,369.5,10171.4,6765.1,0.89,202107
9,杭州,9,324.0,8426.0,5422.8,0.84,202107
10,青岛,7,254.8,2511.2,1867.8,0.32,202107
11,苏州,7,254.2,3792.7,2421.0,0.48,202107
12,西安,8,252.6,10356.0,6658.9,1.32,202107
13,天津,6,231.0,4042.8,2646.7,0.56,202107
14,沈阳,10,216.7,3707.1,2539.7,0.55,202107
15,郑州,7,206.4,3192.9,2614.5,0.5,202107
16,长沙,6,157.9,6049.5,3434.7,1.24,202107
17,大连,4,157.9,1586.8,1278.8,0.32,202107
18,宁波,5,154.4,2236.4,1326.9,0.47,202107
19,昆明,5,139.4,2125.1,1589.4,0.49,202107
20,合肥,4,112.5,2343.3,1693.6,0.67,202107
21,南宁,4,105.3,2704.2,1773.5,0.83,202107
22,长春,5,100.1,1936.5,1286.2,0.62,202107
23,厦门,3,98.4,1873.6,1456.4,0.61,202107
24,南昌,3,88.9,2227.6,1431.9,0.81,202107
25,无锡,3,87.1,1304.7,1007.4,0.48,202107
26,济南,3,84.1,568.9,428.4,0.22,202107
27,贵阳,2,74.4,1080.2,867.3,0.47,202107
28,石家庄,3,74.3,1045.1,744.5,0.45,202107
29,徐州,3,64.1,740.6,529.9,0.37,202107
30,福州,2,58.4,1056.9,889.9,0.58,202107
31,常州,2,54.0,551.9,439.8,0.33,202107
32,温州,1,52.5,85.6,85.6,0.05,202107
33,呼和浩特,2,49.0,490.0,395.0,0.32,202107
34,海宁,1,46.4,115.0,85.4,0.08,202107
35,东莞,1,37.8,355.3,355.3,0.3,202107
36,哈尔滨,2,30.3,694.9,577.6,0.74,202107
37,佛山,2,28.1,431.5,431.5,0.5,202107
38,乌鲁木齐,1,26.8,294.5,294.5,0.35,202107
39,兰州,1,25.5,660.8,660.8,0.84,202107
40,洛阳,1,25.3,145.3,145.3,0.19,202107
41,太原,1,23.3,345.8,345.8,0.48,202107
42,绍兴,1,20.3,100.9,62.8,0.16,202107
43,淮安,1,20.1,53.7,53.7,0.09,202107
44,天水,1,12.9,8.0,8.0,0.02,202107
45,嘉兴,1,10.6,25.6,25.6,0.08,202107
46,三亚,1,8.4,6.7,6.7,0.03,202107
47,昆山,1,6.0,165.6,84.3,0.89,202107
1,上海,19,766.0,28969.2,16128.3,1.22,202108
2,北京,24,727.0,23974.7,12811.8,1.06,202108
3,成都,13,557.8,13659.4,7769.9,0.79,202108
4,广州,16,531.7,22921.1,12603.3,1.39,202108
5,深圳,12,422.6,18879.8,11575.3,1.44,202108
6,武汉,12,409.1,4766.1,3172.1,0.38,202108
7,南京,12,394.7,3297.0,1939.3,0.27,202108
8,重庆,9,369.5,7731.4,5143.4,0.67,202108
9,杭州,9,324.0,7677.8,4848.1,0.76,202108
10,青岛,7,254.8,1975.0,1478.7,0.25,202108
11,苏州,7,254.2,2945.7,1883.8,0.37,202108
12,西安,8,252.6,6986.6,4461.6,0.89,202108
13,天津,6,231.0,3570.6,2330.5,0.5,202108
14,沈阳,10,216.7,3136.7,2154.1,0.47,202108
15,郑州,7,206.4,0.0,0.0,0.0,202108
16,长沙,6,157.9,6049.5,3434.7,1.24,202108
17,大连,4,157.9,1357.2,1102.5,0.28,202108
18,宁波,5,154.4,2110.5,1253.0,0.44,202108
19,昆明,5,139.4,1804.3,1353.1,0.42,202108
20,合肥,4,112.5,1937.4,1400.2,0.56,202108
21,南宁,4,105.3,2261.3,1464.6,0.69,202108
22,长春,5,100.1,1601.8,1051.5,0.52,202108
23,厦门,3,98.4,1439.3,1117.0,0.47,202108
24,南昌,3,88.9,1835.7,1190.3,0.67,202108
25,无锡,3,87.1,773.6,601.6,0.29,202108
26,济南,3,84.1,457.4,346.0,0.18,202108
27,贵阳,2,74.4,912.5,729.3,0.4,202108
28,石家庄,3,74.3,696.1,511.9,0.3,202108
29,徐州,3,64.1,433.3,313.8,0.22,202108
30,福州,2,58.4,874.5,737.7,0.48,202108
31,常州,2,54.0,398.7,316.4,0.24,202108
32,温州,1,52.5,72.6,72.6,0.04,202108
33,呼和浩特,2,49.0,378.0,305.3,0.25,202108
34,海宁,1,46.4,53.9,42.4,0.04,202108
35,东莞,1,37.8,350.1,350.1,0.3,202108
36,佛山,3,37.5,456.9,456.9,0.39,202108
37,哈尔滨,2,30.3,485.5,408.7,0.52,202108
38,乌鲁木齐,1,26.8,243.8,243.8,0.29,202108
39,兰州,1,25.5,551.6,551.6,0.7,202108
40,洛阳,1,25.3,65.7,65.7,0.08,202108
41,太原,1,23.3,303.0,303.0,0.42,202108
42,绍兴,1,20.3,60.8,39.5,0.1,202108
43,淮安,1,20.1,31.9,31.9,0.05,202108
44,天水,1,12.9,7.3,7.3,0.02,202108
45,嘉兴,1,10.6,16.3,16.3,0.05,202108
46,三亚,1,8.4,3.9,3.9,0.01,202108
47,昆山,1,6.0,147.5,75.5,0.79,202108
1,上海,19,766.0,29788.6,16619.0,1.3,202109
2,北京,24,727.0,27214.4,14754.1,1.25,202109
3,广州,17,590.0,24086.5,13101.0,1.36,202109
4,成都,13,557.8,15896.7,9025.9,0.95,202109
5,深圳,12,422.6,18879.8,11575.3,1.49,202109
6,武汉,12,409.1,8425.1,5579.4,0.69,202109
7,南京,12,394.7,6449.0,3682.1,0.54,202109
8,重庆,9,369.5,9223.1,6162.0,0.83,202109
9,杭州,9,333.0,8061.4,5087.5,0.81,202109
10,青岛,7,254.8,2149.8,1588.1,0.28,202109
11,苏州,7,254.2,3390.1,2159.1,0.44,202109
12,西安,8,252.6,8810.4,5647.6,1.16,202109
13,天津,6,231.0,3903.7,2569.5,0.56,202109
14,沈阳,10,216.7,3444.8,2367.9,0.53,202109
15,郑州,7,206.4,1737.9,1146.2,0.28,202109
16,长沙,6,161.6,4866.1,2746.8,1.0,202109
17,大连,4,157.9,1433.3,1155.6,0.3,202109
18,宁波,5,154.4,2144.1,1272.8,0.46,202109
19,昆明,5,139.4,1804.8,1346.3,0.43,202109
20,合肥,4,112.5,2158.9,1552.0,0.64,202109
21,南宁,4,105.3,2409.8,1586.7,0.76,202109
22,长春,5,100.1,1821.6,1171.1,0.61,202109
23,厦门,3,98.4,1064.6,827.4,0.36,202109
24,南昌,3,88.9,2101.9,1363.2,0.79,202109
25,无锡,3,87.1,973.9,759.8,0.37,202109
26,济南,3,84.1,543.4,406.0,0.22,202109
27,贵阳,2,74.4,950.3,759.6,0.43,202109
28,石家庄,3,74.3,859.8,618.6,0.39,202109
29,徐州,3,64.1,557.5,404.3,0.29,202109
30,哈尔滨,3,58.5,593.0,488.1,0.34,202109
31,福州,2,58.4,802.1,682.2,0.46,202109
32,常州,2,54.0,467.1,370.6,0.29,202109
33,温州,1,52.5,81.4,81.4,0.05,202109
34,呼和浩特,2,49.0,441.0,357.3,0.3,202109
35,海宁,1,46.4,74.3,59.8,0.05,202109
36,东莞,1,37.8,342.3,342.3,0.3,202109
37,佛山,3,37.5,458.7,458.7,0.41,202109
38,乌鲁木齐,1,26.8,273.5,273.5,0.34,202109
39,兰州,1,25.5,598.7,598.7,0.78,202109
40,洛阳,1,25.3,96.0,96.0,0.13,202109
41,太原,1,23.3,318.2,318.2,0.46,202109
42,绍兴,1,20.3,66.0,41.6,0.11,202109
43,淮安,1,20.1,45.5,45.5,0.08,202109
44,天水,1,12.9,6.5,6.5,0.02,202109
45,嘉兴,1,10.6,13.8,13.8,0.04,202109
46,三亚,1,8.4,5.2,5.2,0.02,202109
47,昆山,1,6.0,155.6,78.9,0.86,202109
1,上海,19,766.0,29808.3,16648.0,1.26,202110
2,北京,24,727.0,25111.1,13667.2,1.11,202110
3,广州,17,590.0,24870.1,13474.1,1.36,202110
4,成都,13,557.8,15963.7,9075.7,0.92,202110
5,深圳,12,422.6,18267.9,11152.4,1.39,202110
6,武汉,12,409.1,9231.4,6109.7,0.73,202110
7,南京,12,394.7,7506.9,4265.8,0.61,202110
8,重庆,9,369.5,9799.8,6536.9,0.86,202110
9,杭州,9,333.0,8406.3,5298.4,0.81,202110
10,青岛,7,254.8,2289.1,1682.2,0.29,202110
11,苏州,7,254.2,3636.7,2303.6,0.46,202110
12,西安,8,252.6,8272.2,5313.7,1.06,202110
13,天津,6,231.0,4041.3,2645.0,0.56,202110
14,沈阳,10,216.7,3604.9,2457.9,0.54,202110
15,郑州,7,206.4,3923.8,3531.4,0.61,202110
16,长沙,6,161.6,5088.2,2885.4,1.02,202110
17,大连,4,157.9,1499.0,1205.8,0.31,202110
18,宁波,5,154.4,2339.0,1388.2,0.49,202110
19,昆明,5,139.4,1906.2,1417.1,0.44,202110
20,合肥,4,112.5,2446.0,1753.5,0.7,202110
21,南宁,4,105.3,2670.1,1754.6,0.82,202110
22,长春,5,104.5,1686.5,1083.2,0.52,202110
23,厦门,3,98.4,1341.7,1036.5,0.44,202110
24,南昌,3,88.9,2439.4,1582.9,0.89,202110
25,无锡,3,87.1,1120.9,874.7,0.42,202110
26,济南,3,84.1,556.9,423.4,0.21,202110
27,贵阳,2,74.4,904.9,721.6,0.39,202110
28,石家庄,3,74.3,792.0,571.8,0.34,202110
29,徐州,3,64.1,700.4,506.0,0.35,202110
30,哈尔滨,3,58.5,764.8,588.9,0.42,202110
31,福州,2,58.4,907.8,767.5,0.5,202110
32,常州,2,54.0,580.3,455.8,0.35,202110
33,温州,1,52.5,90.5,90.5,0.06,202110
34,呼和浩特,2,49.0,408.9,329.2,0.27,202110
35,海宁,1,46.4,93.5,74.1,0.07,202110
36,东莞,1,37.8,378.4,378.4,0.32,202110
37,佛山,3,37.5,479.5,479.5,0.41,202110
38,乌鲁木齐,1,26.8,228.8,228.8,0.28,202110
39,兰州,1,25.5,431.7,431.7,0.55,202110
40,洛阳,1,25.3,138.0,138.0,0.18,202110
41,太原,1,23.3,332.9,332.9,0.46,202110
42,绍兴,1,20.3,80.6,50.1,0.13,202110
43,淮安,1,20.1,54.0,54.0,0.09,202110
44,文山,1,13.4,1.2,1.2,0.0,202110
45,天水,1,12.9,6.5,6.5,0.02,202110
46,嘉兴,1,10.6,13.9,13.9,0.04,202110
47,三亚,1,8.4,6.7,6.7,0.03,202110
48,昆山,1,6.0,157.6,79.9,0.85,202110
1,上海,19,766.0,30893.0,17215.0,1.34,202111
2,北京,24,727.0,24102.6,13194.0,1.11,202111
3,广州,17,590.0,25548.6,13923.7,1.44,202111
4,成都,13,557.8,11571.6,6627.2,0.69,202111
5,深圳,12,422.6,19314.4,11819.9,1.52,202111
6,武汉,12,409.1,9063.4,6013.7,0.74,202111
7,南京,12,394.7,7557.0,4290.4,0.64,202111
8,重庆,9,369.5,7772.6,5205.2,0.7,202111
9,杭州,9,342.0,7975.3,5071.7,0.78,202111
10,青岛,7,254.8,2022.3,1509.5,0.26,202111
11,苏州,7,254.2,3814.4,2412.7,0.5,202111
12,西安,8,252.6,8216.6,5251.1,1.08,202111
13,天津,6,231.0,4111.1,2667.1,0.59,202111
14,沈阳,10,216.7,3778.5,2561.2,0.58,202111
15,郑州,7,206.4,3025.8,1981.5,0.49,202111
16,长沙,6,161.6,4755.2,2695.1,0.98,202111
17,大连,4,157.9,754.4,611.5,0.16,202111
18,宁波,5,154.4,2227.5,1321.9,0.48,202111
19,昆明,5,139.4,1802.4,1348.6,0.43,202111
20,合肥,4,112.5,2298.6,1651.9,0.68,202111
21,南宁,4,105.3,2489.3,1640.0,0.79,202111
22,长春,5,104.5,1857.1,1194.9,0.59,202111
23,厦门,3,98.4,1682.7,1300.6,0.57,202111
24,南昌,3,88.9,1959.9,1293.1,0.73,202111
25,无锡,3,87.1,1045.4,813.4,0.4,202111
26,济南,3,84.1,591.6,446.3,0.23,202111
27,哈尔滨,3,78.1,718.2,552.9,0.31,202111
28,贵阳,2,74.4,904.0,722.1,0.41,202111
29,石家庄,3,74.3,632.8,469.4,0.28,202111
30,徐州,3,64.1,571.7,407.7,0.3,202111
31,福州,2,58.4,1014.7,861.1,0.58,202111
32,常州,2,54.0,399.6,316.1,0.25,202111
33,温州,1,52.5,77.3,77.3,0.05,202111
34,呼和浩特,2,49.0,384.4,308.6,0.26,202111
35,海宁,1,46.4,80.6,65.5,0.06,202111
36,东莞,1,37.8,348.2,348.2,0.31,202111
37,佛山,3,37.5,485.8,485.8,0.43,202111
38,乌鲁木齐,1,26.8,250.1,250.1,0.31,202111
39,兰州,1,25.5,167.1,167.1,0.22,202111
40,洛阳,1,25.3,92.8,92.8,0.12,202111
41,太原,1,23.3,322.7,322.7,0.46,202111
42,绍兴,1,20.3,59.8,38.8,0.1,202111
43,淮安,1,20.1,47.9,47.9,0.08,202111
44,文山,1,13.4,1.8,1.8,0.0,202111
45,天水,1,12.9,1.5,1.5,0.0,202111
46,嘉兴,1,10.6,8.1,8.1,0.03,202111
47,三亚,1,8.4,7.9,6.7,0.03,202111
48,昆山,1,6.0,157.7,80.0,0.88,202111
1,上海,20,825.0,31676.7,17691.4,1.24,202112
2,北京,27,783.0,27200.6,14864.2,1.12,202112
3,广州,17,590.0,24847.3,13652.6,1.36,202112
4,成都,13,557.8,16151.2,9186.5,0.93,202112
5,武汉,14,478.6,9781.5,6476.5,0.66,202112
6,深圳,13,431.0,19918.0,12212.0,1.49,202112
7,南京,13,409.7,7776.5,4444.4,0.61,202112
8,重庆,9,369.5,9593.4,6382.5,0.84,202112
9,杭州,9,342.0,6518.3,4178.7,0.61,202112
10,青岛,7,293.1,2130.3,1603.4,0.23,202112
11,天津,7,265.0,4250.6,2722.2,0.52,202112
12,苏州,7,254.2,3423.7,2155.7,0.43,202112
13,西安,8,252.6,5297.3,3402.2,0.68,202112
14,沈阳,10,216.7,3702.1,2528.3,0.55,202112
15,郑州,7,206.4,4100.7,2656.5,0.64,202112
16,大连,5,201.0,1297.3,1049.9,0.21,202112
17,宁波,6,182.3,1857.8,1089.5,0.33,202112
18,长沙,6,161.6,5309.1,3000.2,1.06,202112
19,合肥,5,153.6,2514.9,1801.9,0.53,202112
20,昆明,5,139.4,1787.5,1339.2,0.41,202112
21,南昌,4,128.5,2503.0,1607.7,0.63,202112
22,南宁,5,128.2,2530.2,1601.3,0.64,202112
23,无锡,4,110.8,1316.4,1010.9,0.38,202112
24,长春,5,104.5,1815.0,1166.3,0.56,202112
25,厦门,3,98.4,1796.0,1386.3,0.59,202112
26,济南,3,84.1,625.1,465.1,0.24,202112
27,哈尔滨,3,78.1,792.1,543.9,0.33,202112
28,贵阳,2,74.4,977.7,778.8,0.42,202112
29,石家庄,3,74.3,940.1,682.6,0.41,202112
30,佛山,4,69.9,527.1,521.0,0.24,202112
31,徐州,3,64.1,717.6,506.7,0.36,202112
32,福州,2,58.4,1090.7,927.8,0.6,202112
33,常州,2,54.0,545.7,430.8,0.33,202112
34,温州,1,52.5,71.0,71.0,0.04,202112
35,呼和浩特,2,49.0,525.9,422.3,0.35,202112
36,嘉兴（海宁),1,46.4,59.2,50.6,0.04,202112
37,芜湖,2,46.2,155.9,148.6,0.11,202112
38,洛阳,2,43.5,167.0,149.9,0.12,202112
39,东莞,1,37.8,300.1,300.1,0.26,202112
40,乌鲁木齐,1,26.8,279.3,279.3,0.34,202112
41,兰州,1,25.5,538.0,538.0,0.68,202112
42,太原,1,23.3,356.5,356.5,0.49,202112
43,绍兴,1,20.3,35.6,24.4,0.06,202112
44,淮安,1,20.1,55.0,55.0,0.09,202112
45,镇江(句容),1,17.3,7.2,5.9,0.01,202112
46,文山,1,13.4,1.9,1.8,0.0,202112
47,天水,1,12.9,5.8,1.5,0.01,202112
48,嘉兴,1,10.6,6.2,6.2,0.02,202112
49,三亚,1,8.4,11.4,11.4,0.04,202112
50,苏州（昆山),1,6.0,158.6,80.5,0.85,202112
1,上海,20,825.0,28278.6,15773.2,1.11,202201
2,北京,27,783.0,23179.4,12877.4,0.95,202201
3,广州,17,590.0,22559.7,12384.8,1.23,202201
4,成都,13,557.8,14837.8,7744.8,0.86,202201
5,武汉,14,478.6,8709.9,5672.0,0.59,202201
6,深圳,13,431.0,13955.4,8638.2,1.04,202201
7,南京,13,426.4,7712.3,4279.3,0.58,202201
8,重庆,10,401.8,8174.2,5434.9,0.66,202201
9,杭州,9,342.0,6201.5,3966.6,0.58,202201
10,青岛,7,293.1,2646.1,1890.5,0.29,202201
11,天津,7,265.0,1812.9,1145.8,0.22,202201
12,苏州,7,254.2,3765.0,2390.6,0.48,202201
13,西安,8,252.6,1241.5,810.2,0.16,202201
14,沈阳,10,216.7,3306.6,2259.2,0.49,202201
15,郑州,7,206.4,1752.6,1149.3,0.27,202201
16,大连,5,201.0,1338.4,1067.5,0.21,202201
17,宁波,6,182.3,2001.8,1142.0,0.35,202201
18,长沙,6,161.6,4436.7,2508.9,0.89,202201
19,合肥,5,153.6,2720.0,1881.0,0.57,202201
20,昆明,5,139.4,1426.0,1058.7,0.33,202201
21,南昌,4,128.5,2735.2,1634.4,0.69,202201
22,南宁,5,128.2,2548.4,1571.0,0.64,202201
23,无锡,4,110.8,1189.9,820.0,0.35,202201
24,长春,5,106.7,1684.8,1150.0,0.51,202201
25,厦门,3,98.4,1637.3,1263.2,0.54,202201
26,济南,3,84.1,490.8,369.3,0.19,202201
27,哈尔滨,3,78.1,1422.4,959.1,0.59,202201
28,贵阳,2,74.4,845.2,683.5,0.37,202201
29,石家庄,3,74.3,915.0,668.4,0.4,202201
30,佛山,4,69.9,685.8,636.8,0.32,202201
31,徐州,3,63.8,793.6,567.6,0.4,202201
32,福州,2,58.4,1023.8,867.4,0.57,202201
33,常州,2,54.0,516.3,406.4,0.31,202201
34,温州,1,52.5,62.3,62.3,0.04,202201
35,呼和浩特,2,49.0,592.7,491.6,0.39,202201
36,嘉兴（海宁）,1,46.4,63.6,53.2,0.04,202201
37,芜湖,2,46.2,263.9,208.4,0.18,202201
38,洛阳,2,43.5,256.7,197.0,0.19,202201
39,东莞,1,37.8,309.6,309.6,0.26,202201
40,乌鲁木齐,1,26.8,243.1,243.1,0.29,202201
41,兰州,1,25.5,550.2,550.2,0.7,202201
42,太原,1,23.3,317.2,317.2,0.44,202201
43,绍兴,1,20.3,46.1,30.8,0.07,202201
44,淮安,1,20.1,63.0,63.0,0.1,202201
45,镇江(句容),1,17.3,50.0,36.3,0.09,202201
46,文山,1,13.4,1.8,1.8,0.0,202201
47,天水,1,12.9,6.2,6.2,0.02,202201
48,嘉兴,1,10.6,7.4,7.4,0.02,202201
49,三亚,1,8.4,13.3,13.3,0.05,202201
50,苏州（昆山),1,6.0,138.6,70.0,0.75,202201
1,上海,20,825.0,24506.5,13686.3,1.06,202202
2,北京,27,783.0,19024.6,10550.6,0.87,202202
3,广州,17,590.0,17014.1,9367.4,1.03,202202
4,成都,13,557.8,11463.6,6546.0,0.73,202202
5,武汉,14,478.6,6952.4,4521.6,0.52,202202
6,深圳,13,431.0,10762.3,6617.4,0.89,202202
7,南京,13,426.4,6233.0,3457.2,0.52,202202
8,重庆,10,401.8,7979.2,5300.1,0.71,202202
9,杭州,11,401.0,5864.3,3713.7,0.52,202202
10,青岛,7,293.1,2268.0,1641.8,0.28,202202
11,天津,7,265.0,2479.9,1556.6,0.33,202202
12,苏州,7,254.2,2097.3,1354.8,0.29,202202
13,西安,8,252.6,6801.7,4364.9,0.96,202202
14,沈阳,10,216.7,2717.3,1853.0,0.45,202202
15,郑州,7,206.4,3111.5,2012.2,0.54,202202
16,大连,5,201.0,1152.4,908.4,0.2,202202
17,宁波,6,182.3,2014.8,1151.1,0.39,202202
18,长沙,6,161.6,3889.6,2211.5,0.86,202202
19,合肥,5,153.6,2403.4,1653.1,0.56,202202
20,昆明,5,139.4,1514.0,1125.3,0.39,202202
21,南昌,4,128.5,2367.7,1391.9,0.66,202202
22,南宁,5,128.2,1801.2,1074.1,0.5,202202
23,无锡,4,110.8,1017.4,699.7,0.33,202202
24,长春,5,106.7,1109.1,784.4,0.37,202202
25,厦门,3,98.4,1441.2,1110.1,0.52,202202
26,济南,3,84.1,497.1,372.0,0.21,202202
27,哈尔滨,3,78.1,1270.6,848.1,0.58,202202
28,贵阳,2,74.4,726.0,574.4,0.35,202202
29,石家庄,3,74.3,825.4,597.7,0.4,202202
30,佛山,4,69.9,496.7,463.3,0.25,202202
31,徐州,3,64.1,731.3,526.6,0.41,202202
32,福州,2,58.4,850.3,720.3,0.52,202202
33,常州,2,54.0,419.7,344.7,0.28,202202
34,温州,1,52.5,64.3,64.3,0.04,202202
35,呼和浩特,2,49.0,271.1,226.5,0.2,202202
36,海宁,1,46.4,50.7,42.5,0.04,202202
37,芜湖,2,46.2,290.4,224.8,0.22,202202
38,洛阳,2,43.5,449.4,341.5,0.37,202202
39,东莞,1,37.8,238.2,238.2,0.23,202202
40,乌鲁木齐,1,26.8,233.5,233.5,0.31,202202
41,兰州,1,25.5,482.0,482.0,0.68,202202
42,太原,1,23.3,269.9,269.9,0.41,202202
43,绍兴,1,20.3,39.4,25.9,0.07,202202
44,淮安,1,20.1,64.3,64.3,0.11,202202
45,句容,1,17.3,40.3,29.0,0.08,202202
46,文山,1,13.4,2.4,2.4,0.01,202202
47,天水,1,12.9,7.3,7.3,0.02,202202
48,嘉兴,1,11.1,8.7,8.7,0.03,202202
49,三亚,1,8.4,17.1,17.1,0.07,202202
50,昆山,1,6.0,43.2,22.9,0.26,202202
1,上海,20,825.0,14862.9,8276.0,0.58,202203
2,北京,27,783.0,24722.7,13616.2,1.02,202203
3,广州,18,608.2,21781.1,12024.6,1.16,202203
4,成都,13,557.8,15749.2,8933.9,0.91,202203
5,武汉,14,478.6,7622.1,4936.2,0.51,202203
6,深圳,13,431.0,8590.6,5259.3,0.64,202203
7,南京,13,426.4,5566.7,3126.7,0.42,202203
8,重庆,10,401.8,8822.6,5894.7,0.71,202203
9,杭州,11,401.0,8335.7,5180.9,0.67,202203
10,青岛,7,293.1,1478.1,1093.7,0.16,202203
11,天津,7,265.0,2538.3,1602.6,0.31,202203
12,苏州,7,254.2,1936.2,1236.4,0.25,202203
13,西安,8,252.6,6642.9,4234.6,0.85,202203
14,沈阳,10,216.7,1813.9,1241.0,0.27,202203
15,郑州,7,206.4,3748.6,2416.4,0.59,202203
16,大连,5,201.0,1054.6,837.9,0.17,202203
17,宁波,6,182.3,2555.1,1459.4,0.45,202203
18,长沙,6,161.6,3890.2,2228.8,0.78,202203
19,合肥,5,153.6,2524.3,1725.5,0.53,202203
20,昆明,5,139.4,1350.2,1027.4,0.31,202203
21,南昌,4,128.5,1842.9,1111.6,0.46,202203
22,南宁,5,128.2,2282.7,1370.3,0.57,202203
23,无锡,4,110.8,1157.2,824.5,0.34,202203
24,长春,5,106.7,445.2,316.7,0.13,202203
25,厦门,3,98.4,1482.8,1145.9,0.49,202203
26,济南,3,84.1,539.2,403.8,0.21,202203
27,哈尔滨,3,78.1,859.9,585.3,0.36,202203
28,贵阳,2,74.4,957.4,762.5,0.42,202203
29,石家庄,3,74.3,860.7,640.5,0.37,202203
30,佛山,4,69.9,628.4,586.1,0.29,202203
31,徐州,3,64.1,585.8,415.8,0.29,202203
32,福州,2,58.4,853.7,731.1,0.47,202203
33,常州,2,54.0,271.5,222.9,0.16,202203
34,温州,1,52.5,52.2,52.2,0.03,202203
35,呼和浩特,2,49.0,67.7,56.6,0.04,202203
36,芜湖,2,46.2,212.5,167.6,0.15,202203
37,洛阳,2,43.5,278.1,213.2,0.21,202203
38,东莞,1,37.8,173.6,173.6,0.15,202203
39,乌鲁木齐,1,26.8,305.9,305.9,0.37,202203
40,兰州,1,25.5,251.3,251.3,0.32,202203
41,太原,1,23.3,281.5,281.5,0.39,202203
42,绍兴,1,20.3,49.0,32.7,0.08,202203
43,淮安,1,20.1,44.5,44.5,0.07,202203
44,句容,1,17.3,23.9,14.2,0.04,202203
45,文山,1,13.4,1.7,1.7,0.0,202203
46,天水,1,12.9,4.1,4.1,0.01,202203
47,嘉兴,1,11.1,6.0,6.0,0.02,202203
48,三亚,1,8.4,9.0,9.0,0.03,202203
49,昆山,1,6.0,0.0,0.0,0.0,202203
1,上海,20,825.0,5.2,4.9,0.0,202204
2,北京,27,783.0,22037.5,12133.9,0.94,202204
3,广州,18,608.2,16615.0,9150.1,0.91,202204
4,成都,13,557.8,13242.5,7492.5,0.79,202204
5,武汉,14,478.6,7018.7,4528.6,0.49,202204
6,深圳,13,431.0,15269.2,9242.3,1.18,202204
7,南京,13,426.4,4917.1,2800.21,0.38,202204
8,杭州,11,419.0,6472.1,4063.0,0.51,202204
9,重庆,10,401.8,8721.7,5807.0,0.72,202204
10,青岛,7,293.1,2038.8,1480.6,0.23,202204
11,天津,7,265.0,2897.6,1816.1,0.36,202204
12,苏州,7,254.2,1439.4,929.5,0.19,202204
13,西安,8,252.6,6802.5,4325.7,0.9,202204
14,沈阳,10,216.7,668.9,464.9,0.1,202204
15,郑州,7,206.4,2829.3,1844.6,0.46,202204
16,大连,5,201.0,860.0,686.1,0.14,202204
17,宁波,6,182.3,1629.4,931.0,0.3,202204
18,长沙,6,161.6,3231.6,1843.5,0.67,202204
19,合肥,5,153.6,1467.3,1008.8,0.32,202204
20,昆明,5,139.4,1335.4,1012.5,0.32,202204
21,南昌,4,128.5,754.4,459.5,0.2,202204
22,南宁,5,128.2,1951.5,1172.8,0.51,202204
23,无锡,4,110.8,500.6,355.5,0.15,202204
24,长春,5,106.7,0.0,0.0,0.0,202204
25,厦门,3,98.4,1484.8,1147.6,0.5,202204
26,济南,3,84.1,193.9,148.6,0.08,202204
27,福州,3,80.0,735.3,628.1,0.31,202204
28,哈尔滨,3,78.1,317.6,217.6,0.14,202204
29,贵阳,2,74.4,760.8,607.2,0.34,202204
30,石家庄,3,74.3,775.0,578.8,0.35,202204
31,佛山,4,69.9,642.1,609.6,0.31,202204
32,徐州,3,64.1,100.5,70.9,0.05,202204
33,常州,2,54.0,233.3,191.6,0.14,202204
34,温州,1,52.5,53.9,53.9,0.03,202204
35,呼和浩特,2,49.0,255.8,208.0,0.17,202204
36,绍兴,2,47.1,52.1,36.6,0.04,202204
37,芜湖,2,46.2,101.0,81.4,0.07,202204
38,洛阳,2,43.5,207.7,159.7,0.16,202204
39,东莞,1,37.8,228.7,228.7,0.2,202204
40,乌鲁木齐,1,26.8,178.7,178.7,0.22,202204
41,兰州,1,25.5,272.6,272.6,0.36,202204
42,太原,1,23.3,96.8,96.8,0.14,202204
43,淮安,1,20.1,35.0,35.0,0.06,202204
44,句容,1,17.3,0.0,0.0,0.0,202204
45,文山,1,13.4,0.8,0.8,0.0,202204
46,天水,1,12.9,0.4,0.4,0.0,202204
47,嘉兴,1,11.1,2.0,2.0,0.01,202204
48,三亚,1,8.4,1.3,1.3,0.01,202204
49,昆山,1,6.0,0.0,0.0,0.0,202204
1,上海,20,825.0,27.7,23.8,0.0,202205
2,北京,27,783.0,6257.4,3473.7,0.26,202205
3,广州,18,609.8,20123.7,11043.5,1.06,202205
4,成都,13,557.8,14868.4,8416.2,0.86,202205
5,武汉,14,478.6,8434.4,5432.3,0.57,202205
6,深圳,13,431.0,16635.2,9832.0,1.25,202205
7,南京,13,426.4,6363.6,3556.1,0.48,202205
8,杭州,11,419.0,7256.5,4506.3,0.56,202205
9,重庆,10,401.8,8773.6,5835.2,0.7,202205
10,青岛,7,293.1,2395.6,1722.9,0.26,202205
11,天津,7,265.0,2422.0,1519.7,0.29,202205
12,苏州,7,254.2,1871.1,1194.4,0.24,202205
13,西安,8,252.6,8399.9,5341.0,1.07,202205
14,沈阳,10,216.7,1886.2,1278.3,0.28,202205
15,郑州,7,206.4,1702.2,1112.2,0.27,202205
16,大连,5,201.0,1176.9,935.1,0.19,202205
17,宁波,6,182.3,1913.5,1090.8,0.34,202205
18,长沙,6,161.6,4532.8,2560.0,0.9,202205
19,合肥,5,153.6,2085.4,1419.2,0.44,202205
20,昆明,5,139.4,1607.5,1209.6,0.37,202205
21,南昌,4,128.5,1391.3,824.0,0.35,202205
22,南宁,5,128.2,2513.6,1516.8,0.63,202205
23,无锡,4,110.8,894.9,617.6,0.26,202205
24,长春,5,106.7,323.5,232.5,0.1,202205
25,厦门,3,98.4,1664.0,1281.4,0.55,202205
26,济南,3,84.1,300.9,225.7,0.12,202205
27,佛山,5,81.7,632.1,591.6,0.25,202205
28,福州,3,80.0,1147.4,919.9,0.46,202205
29,哈尔滨,3,78.1,990.4,667.7,0.41,202205
30,贵阳,2,74.4,864.3,689.2,0.37,202205
31,石家庄,3,74.3,817.7,611.7,0.36,202205
32,徐州,3,64.1,319.1,224.6,0.16,202205
33,常州,2,54.0,297.7,243.8,0.18,202205
34,温州,1,52.5,63.3,63.3,0.04,202205
35,呼和浩特,2,49.0,352.7,287.2,0.23,202205
36,绍兴,2,47.1,202.8,148.8,0.14,202205
37,芜湖,2,46.2,201.2,159.4,0.14,202205
38,洛阳,2,43.5,228.9,177.0,0.17,202205
39,东莞,1,37.8,283.8,283.8,0.24,202205
40,乌鲁木齐,1,26.8,142.4,142.4,0.17,202205
41,兰州,1,25.5,496.8,496.8,0.63,202205
42,太原,1,23.3,255.2,255.2,0.35,202205
43,淮安,1,20.1,42.0,42.0,0.07,202205
44,句容,1,17.3,24.9,11.5,0.05,202205
45,文山,1,13.4,1.1,1.1,0.0,202205
46,天水,1,12.9,6.3,6.3,0.02,202205
47,嘉兴,1,11.1,4.8,4.8,0.01,202205
48,三亚,1,8.4,5.9,5.9,0.02,202205
49,昆山,1,6.0,0.0,0.0,0.0,202205
1,上海,20,825.0,15916.1,8630.4,0.64,202206
2,北京,27,783.0,14478.9,7911.1,0.62,202206
3,广州,18,609.8,23014.7,12528.9,1.26,202206
4,成都,13,557.8,15941.6,8992.5,0.95,202206
5,武汉,14,478.6,9421.2,6034.1,0.66,202206
6,杭州,11,450.5,8689.9,5329.5,0.64,202206
7,重庆,10,434.6,9691.3,6377.1,0.74,202206
8,深圳,13,431.0,16729.3,10127.5,1.29,202206
9,南京,13,426.4,7503.6,4104.1,0.59,202206
10,青岛,7,293.1,2786.3,1980.6,0.32,202206
11,天津,7,265.0,3163.4,1971.4,0.4,202206
12,苏州,7,254.2,2996.0,1861.7,0.39,202206
13,西安,8,252.6,8743.1,5554.7,1.15,202206
14,沈阳,10,216.7,2913.2,1967.7,0.45,202206
15,郑州,7,215.4,3049.0,1960.8,0.47,202206
16,长沙,7,209.1,4628.3,2602.5,0.74,202206
17,大连,5,201.0,1412.8,1115.8,0.23,202206
18,宁波,6,182.3,2304.8,1313.6,0.42,202206
19,昆明,6,165.9,1858.8,1387.5,0.37,202206
20,合肥,5,153.6,2526.2,1710.6,0.55,202206
21,南昌,4,128.5,2534.5,1467.4,0.66,202206
22,南宁,5,128.2,2665.3,1608.0,0.69,202206
23,无锡,4,110.8,1141.3,788.4,0.34,202206
24,长春,5,106.7,1083.1,766.3,0.34,202206
25,厦门,3,98.4,1728.1,1327.0,0.59,202206
26,济南,3,84.1,527.4,388.0,0.21,202206
27,佛山,5,81.7,1773.6,1070.5,0.72,202206
28,福州,3,80.0,1163.6,923.0,0.48,202206
29,哈尔滨,3,78.1,1635.0,1092.6,0.7,202206
30,贵阳,2,74.4,949.0,753.4,0.43,202206
31,石家庄,3,74.3,897.2,664.6,0.4,202206
32,徐州,3,64.1,577.6,408.3,0.3,202206
33,常州,2,54.0,400.7,328.9,0.25,202206
34,温州,1,52.5,78.5,78.5,0.05,202206
35,呼和浩特,2,49.0,380.2,307.6,0.26,202206
36,绍兴,2,47.1,312.3,218.7,0.22,202206
37,芜湖,2,46.2,221.8,174.6,0.16,202206
38,洛阳,2,43.5,273.6,208.9,0.21,202206
39,东莞,1,37.8,310.6,310.6,0.27,202206
40,乌鲁木齐,1,26.8,185.2,185.2,0.23,202206
41,兰州,1,25.5,586.5,586.5,0.77,202206
42,太原,1,23.3,286.1,286.1,0.41,202206
43,淮安,1,20.1,46.7,46.7,0.08,202206
44,句容,1,17.3,41.5,24.3,0.08,202206
45,嘉兴,1,13.8,7.8,7.8,0.02,202206
46,文山,1,13.4,2.5,2.5,0.01,202206
47,天水,1,12.9,7.0,7.0,0.02,202206
48,三亚,1,8.4,5.4,5.4,0.02,202206
49,昆山,1,6.0,0.0,0.0,0.0,202206
1,上海,20,825.0,21279.4,11600.2,0.83,202207
2,北京,27,783.0,23268.0,12677.6,0.96,202207
3,广州,18,609.8,23704.8,12928.3,1.25,202207
4,成都,13,557.8,14186.7,8008.4,0.82,202207
5,武汉,14,478.6,9426.8,6025.7,0.64,202207
6,杭州,11,450.5,9503.4,5795.5,0.68,202207
7,重庆,10,434.6,10029.0,6529.0,0.74,202207
8,深圳,13,431.0,16331.7,9923.5,1.22,202207
9,南京,13,426.4,7262.5,3973.6,0.55,202207
10,青岛,7,293.1,3001.0,2137.9,0.33,202207
11,天津,7,265.0,3510.0,2174.8,0.43,202207
12,苏州,7,254.2,3266.6,2018.9,0.41,202207
13,西安,8,252.6,8206.9,5216.5,1.05,202207
14,沈阳,10,216.7,3509.4,2361.3,0.52,202207
15,郑州,7,215.4,3315.3,2133.7,0.5,202207
16,长沙,7,209.1,6846.6,4308.3,1.06,202207
17,大连,5,201.0,1569.0,1240.7,0.25,202207
18,宁波,6,182.3,2467.3,1406.4,0.44,202207
19,昆明,6,165.9,2450.8,1789.8,0.48,202207
20,合肥,5,153.6,2623.0,1772.3,0.55,202207
21,南昌,4,128.5,1916.0,1107.7,0.48,202207
22,南宁,5,128.2,2748.1,1628.5,0.69,202207
23,无锡,4,110.8,641.0,441.2,0.19,202207
24,长春,5,106.7,1591.2,1118.6,0.48,202207
25,厦门,3,98.4,2021.4,1545.8,0.66,202207
26,济南,3,84.1,582.9,430.6,0.22,202207
27,佛山,5,81.7,787.4,692.0,0.31,202207
28,福州,3,80.0,1247.7,983.7,0.5,202207
29,哈尔滨,3,78.1,1915.3,1268.2,0.79,202207
30,贵阳,2,74.4,1095.9,865.3,0.48,202207
31,石家庄,3,74.3,1089.0,800.4,0.47,202207
32,徐州,3,64.1,490.8,349.5,0.25,202207
33,常州,2,54.0,411.8,338.1,0.25,202207
34,温州,1,52.5,83.4,83.4,0.05,202207
35,呼和浩特,2,49.0,470.6,379.5,0.31,202207
36,绍兴,2,47.1,363.1,251.1,0.25,202207
37,芜湖,2,46.2,211.6,177.8,0.15,202207
38,洛阳,2,43.5,336.9,255.9,0.25,202207
39,东莞,1,37.8,366.0,366.0,0.31,202207
40,乌鲁木齐,1,26.8,260.5,260.5,0.31,202207
41,兰州,1,25.5,186.9,186.9,0.24,202207
42,太原,1,23.3,315.0,315.0,0.44,202207
43,淮安,1,20.1,52.6,52.6,0.08,202207
44,句容,1,17.3,42.7,22.6,0.08,202207
45,嘉兴,1,13.8,12.4,12.4,0.03,202207
46,文山,1,13.4,6.8,6.5,0.02,202207
47,天水,1,12.9,3.7,3.7,0.01,202207
48,三亚,1,8.4,5.6,5.6,0.02,202207
49,昆山,1,6.0,81.9,41.3,0.44,202207
1,上海,20,825.0,25440.9,13901.1,0.99,202208
2,北京,27,783.0,25633.1,13973.0,1.06,202208
3,广州,18,609.8,24223.4,13196.8,1.28,202208
4,成都,13,557.8,12654.2,7136.4,0.73,202208
5,武汉,14,478.6,8618.4,5502.2,0.58,202208
6,杭州,11,450.5,9453.7,5758.5,0.68,202208
7,重庆,10,434.6,6576.1,4300.1,0.49,202208
8,深圳,13,431.0,17130.2,10370.1,1.28,202208
9,南京,13,426.4,7380.2,4015.9,0.56,202208
10,青岛,7,293.1,3304.5,2346.7,0.36,202208
11,天津,7,265.0,3454.7,2148.6,0.42,202208
12,苏州,7,254.2,3582.0,2227.4,0.45,202208
13,西安,8,252.6,7352.0,4666.6,0.94,202208
14,沈阳,10,216.7,3308.3,2234.2,0.49,202208
15,郑州,7,215.4,3367.6,2172.8,0.5,202208
16,长沙,7,209.1,6557.4,3474.2,1.01,202208
17,大连,5,201.0,1445.2,1141.9,0.23,202208
18,宁波,6,182.3,2470.3,1408.1,0.44,202208
19,昆明,6,165.9,2086.1,1525.1,0.41,202208
20,合肥,5,153.6,2713.3,1833.0,0.57,202208
21,南昌,4,128.5,2062.8,1186.8,0.52,202208
22,南宁,5,128.2,2475.3,1468.7,0.62,202208
23,无锡,4,110.8,1124.2,767.8,0.33,202208
24,福州,4,110.7,1285.8,1003.9,0.37,202208
25,长春,5,106.7,1703.8,1204.2,0.52,202208
26,厦门,3,98.4,1603.7,1230.4,0.53,202208
27,济南,3,84.1,603.2,443.6,0.23,202208
28,佛山,5,81.7,831.9,758.3,0.33,202208
29,哈尔滨,3,78.1,1778.4,1178.3,0.73,202208
30,贵阳,2,74.4,1088.2,858.4,0.47,202208
31,石家庄,3,74.3,843.6,613.2,0.37,202208
32,徐州,3,64.1,635.1,453.8,0.32,202208
33,常州,2,54.0,405.9,332.2,0.24,202208
34,温州,1,52.5,73.6,73.6,0.05,202208
35,呼和浩特,2,49.0,427.1,344.3,0.28,202208
36,绍兴,2,47.1,351.1,245.3,0.24,202208
37,芜湖,2,46.2,202.5,176.1,0.14,202208
38,洛阳,2,43.5,334.5,253.8,0.25,202208
39,东莞,1,37.8,342.3,342.3,0.29,202208
40,乌鲁木齐,1,26.8,67.5,67.5,0.08,202208
41,兰州,1,25.5,210.7,210.7,0.27,202208
42,太原,1,23.3,308.0,308.0,0.43,202208
43,淮安,1,20.1,49.1,49.1,0.08,202208
44,句容,1,17.3,43.1,26.2,0.08,202208
45,嘉兴,1,13.8,12.1,12.1,0.03,202208
46,文山,1,13.4,5.0,4.9,0.01,202208
47,天水,1,12.9,6.4,6.4,0.02,202208
48,三亚,1,8.4,0.4,0.4,0.0,202208
49,昆山,1,6.0,112.6,57.1,0.61,202208
1,上海,20,825.0,27440.8,15052.1,1.11,202209
2,北京,27,783.0,24005.5,13113.9,1.02,202209
3,广州,18,609.8,22257.1,12115.7,1.22,202209
4,成都,13,557.8,6573.7,3747.9,0.39,202209
5,杭州,12,516.0,9393.7,5726.8,0.61,202209
6,武汉,14,478.6,7863.5,5048.0,0.55,202209
7,重庆,10,434.6,7793.6,5151.3,0.6,202209
8,深圳,13,431.0,13249.1,8001.4,1.02,202209
9,南京,13,428.5,7563.1,4035.7,0.59,202209
10,青岛,7,293.1,2560.2,1838.1,0.29,202209
11,天津,7,265.0,2099.6,1314.5,0.26,202209
12,苏州,7,254.2,3689.1,2269.9,0.48,202209
13,西安,8,252.6,7700.7,4876.8,1.02,202209
14,郑州,8,233.0,3313.6,2124.0,0.47,202209
15,沈阳,10,216.7,2407.7,1627.9,0.37,202209
16,大连,5,212.6,480.8,381.0,0.08,202209
17,长沙,7,209.1,6203.5,3290.8,0.99,202209
18,宁波,6,182.3,2318.4,1321.5,0.42,202209
19,昆明,6,165.9,1412.9,1036.7,0.28,202209
20,合肥,5,153.6,2627.8,1772.2,0.57,202209
21,南昌,4,128.5,2023.3,1180.7,0.52,202209
22,南宁,5,128.2,2220.8,1334.7,0.58,202209
23,无锡,4,110.8,1132.5,773.7,0.34,202209
24,福州,4,110.7,1455.4,1106.5,0.44,202209
25,长春,5,106.7,1271.1,907.2,0.4,202209
26,厦门,3,98.4,1796.9,1378.1,0.61,202209
27,济南,3,84.1,565.1,413.9,0.22,202209
28,佛山,5,81.7,763.2,667.2,0.31,202209
29,哈尔滨,3,78.1,989.3,677.8,0.42,202209
30,贵阳,2,74.4,90.7,72.6,0.04,202209
31,石家庄,3,74.3,474.2,354.0,0.21,202209
32,徐州,3,64.1,540.1,383.9,0.28,202209
33,常州,2,54.0,432.0,349.1,0.27,202209
34,温州,1,52.5,72.4,72.4,0.05,202209
35,呼和浩特,2,49.0,384.3,311.3,0.26,202209
36,绍兴,2,47.1,339.1,231.1,0.24,202209
37,芜湖,2,46.2,205.1,179.2,0.15,202209
38,洛阳,2,43.5,246.4,188.5,0.19,202209
39,东莞,1,37.8,305.9,305.9,0.27,202209
40,乌鲁木齐,1,26.8,0.0,0.0,0.0,202209
41,兰州,1,25.5,324.4,324.4,0.42,202209
42,太原,1,23.3,288.9,288.9,0.41,202209
43,淮安,1,20.1,47.5,47.5,0.08,202209
44,句容,1,17.3,44.1,32.1,0.08,202209
45,嘉兴,1,13.8,13.7,13.7,0.03,202209
46,文山,1,13.4,2.5,2.5,0.01,202209
47,天水,1,12.9,6.3,6.3,0.02,202209
48,三亚,1,8.4,0.7,0.7,0.0,202209
49,昆山,1,6.0,119.6,60.3,0.66,202209
181,上海,20,825.0,24774.6,13612.2,0.97,202210
2,北京,27,783.0,20904.2,11476.8,0.86,202210
3,广州,18,609.8,20113.7,11015.6,1.06,202210
4,成都,13,557.8,13571.5,7670.9,0.78,202210
5,杭州,12,516.0,9288.8,5659.6,0.58,202210
6,深圳,14,482.7,14978.5,8673.9,1.0,202210
7,武汉,14,478.6,6407.1,4102.2,0.43,202210
8,重庆,10,434.6,7939.9,5143.4,0.59,202210
9,南京,13,428.5,6180.2,3364.8,0.47,202210
10,青岛,7,293.1,2734.6,1945.0,0.3,202210
11,天津,7,265.0,2751.4,1726.1,0.33,202210
12,苏州,7,254.2,3197.7,1969.7,0.41,202210
13,西安,8,252.6,5368.1,3394.6,0.69,202210
14,郑州,8,233.0,1549.2,964.5,0.21,202210
15,沈阳,10,216.7,2780.5,1877.7,0.41,202210
16,大连,5,212.6,1246.6,980.8,0.19,202210
17,长沙,7,209.1,5296.8,2826.1,0.82,202210
18,宁波,6,182.3,2193.8,1251.8,0.39,202210
19,昆明,6,165.9,1282.3,941.1,0.25,202210
20,合肥,5,153.6,1672.9,1136.1,0.35,202210
21,南昌,4,128.5,2520.6,1529.3,0.63,202210
22,南宁,5,128.2,2191.6,1312.2,0.55,202210
23,无锡,4,110.8,1149.2,784.6,0.33,202210
24,福州,4,110.7,1261.2,956.0,0.37,202210
25,长春,5,106.7,1188.3,848.3,0.36,202210
26,厦门,3,98.4,1783.5,1368.0,0.58,202210
27,济南,3,84.1,540.7,396.6,0.21,202210
28,佛山,5,81.7,708.4,618.7,0.28,202210
29,哈尔滨,3,78.1,1220.3,821.2,0.5,202210
30,贵阳,2,74.4,604.9,482.9,0.26,202210
31,石家庄,3,74.3,687.3,512.0,0.3,202210
32,徐州,3,64.1,366.7,260.3,0.18,202210
33,常州,2,54.0,450.5,369.8,0.27,202210
34,温州,1,52.5,75.3,75.3,0.05,202210
35,呼和浩特,2,49.0,8.3,6.9,0.01,202210
36,绍兴,2,47.1,277.7,164.9,0.19,202210
37,芜湖,2,46.2,212.3,186.4,0.15,202210
38,洛阳,2,43.5,157.8,120.8,0.12,202210
39,东莞,1,37.8,284.5,284.5,0.24,202210
40,乌鲁木齐,1,26.8,0.0,0.0,0.0,202210
41,兰州,1,25.5,106.3,106.3,0.13,202210
42,太原,1,23.3,218.0,218.0,0.3,202210
43,淮安,1,20.1,52.5,52.5,0.08,202210
44,句容,1,17.3,36.5,19.9,0.07,202210
45,嘉兴,1,13.8,13.7,13.7,0.03,202210
46,文山,1,13.4,2.3,2.2,0.01,202210
47,天水,1,12.9,5.3,5.3,0.01,202210
48,三亚,1,8.4,3.8,3.8,0.01,202210
49,昆山,1,6.0,112.4,56.8,0.6,202210
1,上海,20,825.0,27111.1,14857.5,1.1,202211
2,北京,27,783.0,14389.7,7918.0,0.61,202211
3,广州,18,609.8,8586.6,4801.3,0.47,202211
4,成都,13,557.8,12880.6,7273.4,0.77,202211
5,深圳,16,529.4,17350.0,10251.6,1.09,202211
6,杭州,12,516.0,9238.4,5624.8,0.6,202211
7,武汉,14,478.6,4412.6,2829.3,0.31,202211
8,重庆,10,434.6,2240.6,1434.8,0.17,202211
9,南京,13,428.5,5824.6,3203.9,0.45,202211
10,青岛,7,293.1,1792.3,1290.3,0.2,202211
11,天津,8,286.0,2915.3,1821.5,0.34,202211
12,苏州,7,254.2,3432.4,2117.1,0.45,202211
13,西安,8,252.6,5009.8,3164.0,0.66,202211
14,郑州,8,233.0,131.2,98.6,0.02,202211
15,沈阳,10,216.7,2493.3,1688.0,0.38,202211
16,大连,5,212.6,1250.0,985.0,0.2,202211
17,长沙,7,209.1,4825.3,2588.7,0.77,202211
18,宁波,6,182.3,2104.6,1201.0,0.38,202211
19,昆明,6,165.9,1189.4,871.0,0.24,202211
20,合肥,5,153.6,1775.3,1207.4,0.39,202211
21,南昌,4,128.5,2147.1,1306.4,0.56,202211
22,南宁,5,128.2,2144.3,1293.4,0.56,202211
23,无锡,4,110.8,1125.8,768.9,0.34,202211
24,福州,4,110.7,301.1,251.0,0.09,202211
25,长春,5,106.7,1281.6,910.8,0.4,202211
26,厦门,3,98.4,1785.1,1369.4,0.6,202211
27,佛山,5,86.6,533.7,463.3,0.21,202211
28,济南,3,84.1,370.9,274.9,0.15,202211
29,哈尔滨,3,78.1,556.4,385.1,0.24,202211
30,贵阳,2,74.4,752.8,599.8,0.34,202211
31,石家庄,3,74.3,145.7,109.8,0.07,202211
32,徐州,3,64.1,431.0,301.1,0.22,202211
33,常州,2,54.0,400.0,328.3,0.25,202211
34,温州,1,52.5,65.2,65.2,0.04,202211
35,呼和浩特,2,49.0,2.6,2.4,0.0,202211
36,绍兴,2,47.1,215.9,126.0,0.15,202211
37,芜湖,2,46.2,171.0,150.3,0.12,202211
38,洛阳,2,43.5,40.1,31.1,0.03,202211
39,南通,1,38.5,77.0,77.0,0.07,202211
40,东莞,1,37.8,216.8,216.8,0.19,202211
41,乌鲁木齐,1,26.8,1e-06,1e-06,0.0,202211
42,兰州,1,25.5,2.1,2.1,0.0,202211
43,太原,1,23.3,147.3,147.3,0.21,202211
44,淮安,1,20.1,36.8,36.8,0.06,202211
45,句容,1,17.3,35.1,17.8,0.07,202211
46,嘉兴,1,13.8,11.2,11.2,0.03,202211
47,文山,1,13.4,1.2,1.2,0.0,202211
48,天水,1,12.9,1.1,1.1,0.0,202211
49,三亚,1,8.4,4.8,4.8,0.02,202211
50,昆山,1,6.0,116.7,59.2,0.65,202211
1,上海,20,825.0,18274.5,10028.6,0.71,202212
2,北京,27,793.0,9107.9,5024.1,0.37,202212
3,广州,18,609.8,11776.3,6496.9,0.62,202212
4,成都,13,557.8,11388.4,6437.9,0.66,202212
5,深圳,17,558.6,14376.0,8423.3,0.83,202212
6,杭州,12,516.0,6411.2,3944.3,0.4,202212
7,武汉,14,504.3,4465.4,2866.9,0.29,202212
8,重庆,10,434.6,3611.9,2331.5,0.27,202212
9,南京,13,428.5,3611.9,2331.5,0.27,202212
10,青岛,8,323.8,1502.1,1086.0,0.15,202212
11,天津,8,286.0,1905.1,1184.9,0.21,202212
12,西安,8,272.4,4598.1,3000.9,0.54,202212
13,苏州,7,254.2,2316.0,1439.8,0.29,202212
14,郑州,8,233.0,1267.0,827.3,0.18,202212
15,沈阳,10,216.7,1530.7,1037.6,0.23,202212
16,大连,5,212.6,721.7,574.9,0.11,202212
17,长沙,7,209.1,3213.2,1722.6,0.5,202212
18,宁波,6,186.0,1684.9,961.5,0.29,202212
19,合肥,5,168.8,1511.8,1034.3,0.29,202212
20,昆明,6,165.9,1017.7,746.5,0.2,202212
21,南昌,4,128.5,1635.3,991.6,0.41,202212
22,南宁,5,128.2,1791.0,1069.9,0.45,202212
23,佛山,6,127.3,523.1,451.4,0.13,202212
24,无锡,4,110.8,738.2,504.6,0.21,202212
25,福州,4,110.7,774.0,597.8,0.23,202212
26,长春,5,106.7,492.5,351.9,0.15,202212
27,厦门,3,98.4,1318.9,1014.9,0.43,202212
28,济南,3,84.1,204.4,153.6,0.08,202212
29,哈尔滨,3,78.1,474.9,321.7,0.2,202212
30,贵阳,2,74.4,576.2,456.4,0.25,202212
31,石家庄,3,74.3,307.7,222.9,0.13,202212
32,徐州,3,64.1,264.9,217.5,0.13,202212
33,常州,2,54.0,264.9,217.5,0.16,202212
34,温州,1,52.5,52.7,52.7,0.03,202212
35,呼和浩特,2,49.0,125.3,100.6,0.08,202212
36,绍兴,2,47.1,130.5,78.5,0.09,202212
37,芜湖,2,46.2,133.7,109.9,0.09,202212
38,洛阳,2,43.5,103.1,78.6,0.08,202212
39,南通,1,38.5,74.3,74.3,0.06,202212
40,东莞,1,37.8,195.6,195.6,0.17,202212
41,乌鲁木齐,1,26.8,108.5,108.5,0.13,202212
42,黄石,1,26.8,1e-06,1e-06,0.0,202212
43,兰州,1,25.5,113.4,113.4,0.14,202212
44,太原,1,23.3,113.4,113.4,0.16,202212
45,淮安,1,20.1,28.5,28.5,0.05,202212
46,句容,1,17.3,27.8,15.7,0.05,202212
47,嘉兴,1,13.8,8.1,8.1,0.02,202212
48,文山,1,13.4,1.4,1.4,0.0,202212
49,天水,1,12.9,2.1,2.1,0.01,202212
50,三亚,1,8.4,5.9,5.9,0.02,202212
51,昆山,1,6.0,83.6,42.3,0.45,202212
1,上海,20,825.0,18486.2,10284.3,0.72,202301
2,北京,27,797.3,16967.4,9384.6,0.69,202301
3,广州,18,609.8,15644.5,8536.2,0.83,202301
4,深圳,17,558.6,13270.5,7827.1,0.77,202301
5,成都,13,557.8,12004.7,6839.0,0.69,202301
6,杭州,12,516.0,6278.3,3877.3,0.39,202301
7,武汉,14,504.3,6726.1,4316.8,0.43,202301
8,南京,14,448.8,4952.9,2945.7,0.36,202301
9,重庆,10,447.3,7208.6,4605.2,0.52,202301
10,青岛,8,323.8,2003.9,1448.4,0.2,202301
11,天津,8,286.0,2736.0,1699.6,0.31,202301
12,西安,8,272.4,7297.7,4793.1,0.86,202301
13,苏州,7,254.2,2303.7,1437.5,0.29,202301
14,郑州,8,233.0,2357.2,1528.2,0.33,202301
15,沈阳,10,216.7,2326.1,1576.4,0.35,202301
16,大连,5,212.6,925.6,734.2,0.14,202301
17,长沙,7,209.1,4395.8,2389.1,0.68,202301
18,宁波,6,186.0,1814.8,1036.5,0.31,202301
19,合肥,5,168.8,1999.3,1366.4,0.38,202301
20,昆明,6,165.9,1483.5,1080.3,0.29,202301
21,南昌,4,128.5,1998.9,1200.6,0.5,202301
22,南宁,5,128.2,1952.4,1157.6,0.49,202301
23,佛山,6,127.3,1568.2,952.0,0.4,202301
24,无锡,4,110.8,1153.8,787.2,0.34,202301
25,福州,4,110.7,989.3,748.9,0.29,202301
26,长春,5,106.7,731.3,521.2,0.22,202301
27,厦门,3,98.4,1187.1,916.5,0.39,202301
28,济南,3,84.1,379.8,282.1,0.15,202301
29,哈尔滨,3,78.1,1111.8,737.0,0.46,202301
30,贵阳,2,74.4,603.1,475.6,0.26,202301
31,石家庄,3,74.3,725.0,518.6,0.31,202301
32,徐州,3,64.1,619.9,451.8,0.31,202301
33,常州,2,54.0,311.3,255.4,0.19,202301
34,温州,1,52.5,62.6,62.6,0.04,202301
35,呼和浩特,2,49.0,284.1,230.7,0.19,202301
36,绍兴,2,47.1,194.1,111.7,0.13,202301
37,芜湖,2,46.2,176.5,155.1,0.12,202301
38,洛阳,2,43.5,422.6,319.0,0.31,202301
39,南通,1,38.5,144.1,144.1,0.12,202301
40,东莞,1,37.8,238.3,238.3,0.2,202301
41,乌鲁木齐,1,26.8,191.0,191.0,0.23,202301
42,黄石,1,26.8,52.9,52.9,0.06,202301
43,兰州,1,25.5,372.4,372.4,0.47,202301
44,太原,1,23.3,201.5,201.5,0.28,202301
45,淮安,1,20.1,68.1,68.1,0.11,202301
46,句容,1,17.3,36.9,22.2,0.07,202301
47,嘉兴,1,13.8,10.3,10.3,0.02,202301
48,文山,1,13.4,3.8,3.7,0.01,202301
49,红河,1,13.4,2.3,2.3,0.01,202301
50,天水,1,12.9,6.5,6.5,0.02,202301
51,三亚,1,8.4,14.6,14.6,0.06,202301
52,昆山,1,6.0,86.6,44.3,0.47,202301
1,上海,20,825.0,27534.6,15245.7,1.19,202302
2,北京,27,807.0,26191.3,14420.9,1.16,202302
3,广州,18,609.8,23676.9,13001.5,1.39,202302
4,深圳,17,558.6,20549.4,12018.3,1.31,202302
5,成都,13,557.8,16168.6,9150.3,1.04,202302
6,杭州,12,516.0,10054.6,6184.9,0.7,202302
7,武汉,14,504.3,9983.6,6369.2,0.71,202302
8,重庆,10,455.9,10369.8,6539.1,0.81,202302
9,南京,14,448.8,7533.9,4519.1,0.6,202302
10,青岛,8,323.8,3044.6,2169.8,0.34,202302
11,天津,8,286.0,4044.7,2518.6,0.51,202302
12,西安,8,272.4,9873.6,6425.9,1.29,202302
13,苏州,7,254.2,4028.3,2486.4,0.57,202302
14,郑州,8,233.0,4244.4,2691.4,0.65,202302
15,沈阳,10,216.7,3410.3,2306.0,0.56,202302
16,大连,5,212.6,1384.5,1091.6,0.23,202302
17,长沙,7,209.1,6786.2,3624.4,1.16,202302
18,宁波,6,186.0,2590.7,1479.4,0.5,202302
19,合肥,5,168.8,3012.2,2011.7,0.64,202302
20,昆明,6,165.9,2153.5,1557.2,0.46,202302
21,南昌,4,128.5,2680.4,1599.7,0.74,202302
22,南宁,5,128.2,2655.6,1575.3,0.74,202302
23,佛山,6,127.3,1143.4,893.9,0.32,202302
24,无锡,4,110.8,1313.5,890.4,0.42,202302
25,福州,4,110.7,1509.0,1140.6,0.49,202302
26,长春,5,106.7,1299.6,918.3,0.43,202302
27,厦门,3,98.4,1806.9,1390.7,0.66,202302
28,济南,3,84.1,667.2,485.7,0.28,202302
29,哈尔滨,3,78.1,1746.5,1153.4,0.8,202302
30,贵阳,2,74.4,885.1,695.2,0.42,202302
31,石家庄,3,74.3,1151.5,819.1,0.55,202302
32,徐州,3,64.1,715.5,511.2,0.4,202302
33,常州,2,54.0,464.2,380.9,0.31,202302
34,温州,1,52.5,86.4,86.4,0.06,202302
35,呼和浩特,2,49.0,456.5,368.2,0.33,202302
36,绍兴,2,47.1,267.2,153.0,0.2,202302
37,芜湖,2,46.2,236.1,204.0,0.18,202302
38,洛阳,2,43.5,422.4,316.4,0.35,202302
39,南通,1,38.5,144.2,144.2,0.13,202302
40,东莞,1,37.8,339.8,339.8,0.32,202302
41,乌鲁木齐,1,26.8,237.7,237.7,0.32,202302
42,黄石,1,26.8,22.7,22.7,0.03,202302
43,兰州,1,25.5,567.7,567.7,0.8,202302
44,太原,1,23.3,337.1,337.1,0.52,202302
45,淮安,1,20.1,56.1,56.1,0.1,202302
46,句容,1,17.3,50.7,34.6,0.1,202302
47,嘉兴,1,13.8,15.8,15.8,0.04,202302
48,文山,1,13.4,3.6,3.5,0.01,202302
49,红河,1,13.4,2.4,2.4,0.01,202302
50,天水,1,12.9,7.6,7.6,0.02,202302
51,三亚,1,8.4,14.6,14.6,0.06,202302
52,昆山,1,6.0,127.5,64.6,0.76,202302
